CID,mol,Class
BACE_1494,Clc1cc2nc(n(c2cc1)C(CC(=O)NC(C(=O)[O-])COC(C)(C)C)CC)N,0
BACE_797,S1(=O)(=O)N(CCCC1)c1cc(cc(c1)C(=O)N[C@H]([C@@H](O)C[NH2+]Cc1cc(OC)ccc1)Cc1cc(F)cc(F)c1)C(=O)C,1
BACE_575,S1(=O)(=O)N(c2cc(cc3c2n(cc3CC)CC1)C(=O)NC(Cc1ccccc1)C(O)C[NH2+]C1CCOCC1)CC(F)(F)F,1
BACE_828,O1CC2(N=C1N)c1cc(ccc1Oc1c2cc(OC)cc1)-c1cncnc1,0
BACE_1154,Fc1cc(cc(F)c1)C[C@H](NC(=O)C)[C@H](O)C[NH2+]C1(CC1)c1cc(ccc1)C(C(F)(F)F)=C,0
BACE_494,Fc1ccc(cc1-c1cncnc1)C1(N=C(N)N(C)C1=O)c1cc(C)c(OC)cc1,1
BACE_423,Clc1cc(N(S(=O)(=O)C)c2cc(ccc2)C(=O)NC(Cc2ccccc2)C(O)C[NH2+]C(C(=O)NC2CCCCC2)C)cc(Cl)c1,1
BACE_1535,Clc1cc2nc(n(c2cc1)C(CC(=O)N(CC1CCCCC1)C)CC)N,0
BACE_1069,O=C1c2c(cc(cc2)-c2cncnc2)C2(N=C(N)N(C)C2=O)CC1(C)C,0
BACE_452,S1(=O)(=O)N(c2cc(cc3c2n(cc3CC)CC1)C(=O)NC(Cc1ccccc1)C(O)C[NH2+]C)C,1
BACE_1277,Fc1cc(cc(F)c1)CC(NC(=O)C)C(O)C[NH2+]C1(CC1)c1cc(ccc1)C1OCCOC1,0
BACE_646,Fc1c(cccc1F)-c1cc(ccc1)C1(N=C(N)N(C)C1=O)c1ccncc1,1
BACE_582,Fc1ncccc1-c1cc(ccc1)C1(N=C(N)N(C)C1=O)c1ccncc1,1
BACE_462,O=C(NCCC(C)(C)C)C(Cc1cc2cc(ccc2nc1N)-c1ncccc1C)C,1
BACE_954,S(=O)(=O)(N(C)c1cc2cc(c1)C(=O)NCC\C=C\COCC(NC2=O)C(O)C[NH2+]Cc1ccccc1)C,0
BACE_632,FC1(F)COC(=NC1(C)c1cc(NC(=O)c2nn(cc2)C(F)F)ccc1F)N,1
BACE_1506,n1cc(ccc1)-c1cc(ccc1)C1(N=C(C(C)C)C(=N1)N)C,0
BACE_1098,O=C1N(C)C(=NC1(C1CCCCC1)c1cc(NC(=O)c2n(ccc2)C)ccc1)N,0
BACE_799,O1CCOc2c1cc(cc2)C1(N=C(N)N(C)C1=O)c1cc(ccc1)-c1cccnc1,1
BACE_282,O1CCCCOc2cc(CC(NC(=O)c3cc(N4CCCC4=O)cc1c3)C(O)C[NH2+]C1(CC1)c1cc(ccc1)C(C)C)ccc2,1
BACE_350,FC1(F)COC(=NC1(C)c1cc(NC(=O)c2ncc(OCC#CC)nc2)ccc1F)N,1
BACE_1136,Clc1cccc(-c2cc3c(Oc4c(cc(OC)cc4)C34N=C(OC4)N)cc2)c1F,0
BACE_897,Fc1cc(cc(F)c1)CC(NC(=O)C(N1CCC(C(C)C)C1=O)C)C(O)C[NH2+]Cc1cc(OC)ccc1,0
BACE_862,S1(=O)(=O)CC(Cc2cc(CCC)c(N)c(F)c2)C(O)C([NH2+]Cc2cc(ccc2)C(C)(C)C)C1,0
BACE_709,FC1(F)CN2C(=NC1)C(N=C2N)(c1cc(ccc1)C#CCCOC)c1ccc(OC(F)F)cc1,1
BACE_1293,O=C(N[C@@H](Cc1ccccc1)C(=O)N[C@H]([C@@H](O)C[C@H](C(=O)NCC(C)C)C)CC(C)C)c1c2c(ccc1)cccc2,0
BACE_773,Brc1cc2n(ccc2cc1)CC(=O)NC(=[NH2+])NCc1cc(Cl)c(NC(=O)C)c(Cl)c1,1
BACE_1458,O1C2CCCCC2(N=C1N)c1cc(ccc1)-c1cncnc1,0
BACE_87,S(=O)(=O)(N(C)c1cc(cc(c1)C(=O)N[C@H]([C@H](O)[C@@H]1[NH2+]C(N(C)C1=O)(C)C)Cc1ccccc1)C(=O)N[C@H](C)c1ccc(F)cc1)C,1
BACE_1468,Fc1cc(cc(F)c1)CC(NC(=O)C)C(O)C[NH2+]C1(CC1)c1occ(n1)C(C)(C)C,0
BACE_293,S1(=O)(=O)CC(Cc2cc(OC(C(F)(F)F)C(F)(F)F)c(N)c(F)c2)C(O)C([NH2+]Cc2cc(ccc2)C(CO)(C)C)C1,1
BACE_315,O1c2ncc(cc2C([NH2+]CC(O)C(NC(=O)COC)Cc2cc(ccc2)C#C)CC12CCC2)CC(C)(C)C,1
BACE_1531,Clc1cc2nc(n(c2cc1)C(CC(=O)NCCC1CC[NH2+]C1)CC)N,0
BACE_1166,n1cc(ccc1)-c1cc(ccc1)C1(N=C(C)C(=N1)N)C1CCCCC1,0
BACE_1226,O1c2c(cc(cc2)-c2ncccc2)C2(N=C(N)N(C)C2=O)CC1(C)C,0
BACE_885,S1(=O)(=O)CC(Cc2cc(-c3ccoc3)c(N)c(F)c2)C(O)C([NH2+]Cc2cc(ccc2)C(C)(C)C)C1,0
BACE_444,FC(F)(F)Oc1ccc(cc1)CC(NC(=O)C)C(O)C[NH2+]C1CC2(Oc3ncc(cc13)CC(C)(C)C)CCC2,1
BACE_775,Fc1ncccc1-c1cc(ccc1)C1([NH+]=C(N2C1=NCC2)N)c1ccc(OC(F)(F)F)cc1,1
BACE_248,S1(=O)(=O)N(c2cc(cc3n(cc(CC1)c23)CC)C(=O)NC(Cc1ccccc1)C(O)(O)C[NH2+]C1CCOCC1)C,1
BACE_115,S1C[C@H](NC(=O)[C@@H](NC(=O)[C@@H]2[NH2+]CCC[C@@H]2SC\C=C\C1)C)[C@@H](O)C[C@H](C(=O)NCCCC)C,0
BACE_1266,O(C)c1cc(ccc1)C1(N=C(N)N(C)C1=O)c1ccccc1,0
BACE_621,FC(F)(F)Oc1ccc(cc1)C1([NH+]=C(N2C1=NCCC2)N)c1cc(ccc1)-c1cncnc1,1
BACE_176,O(C(=O)[C@@H]1[NH2+]C[C@]2(C1)c1c(NC2=O)cccc1)C1(CCCCC1)C#N,0
BACE_1151,Fc1cc(cc(F)c1)CC(NC(=O)C)C(O)C[NH2+]C1(CCCCC1)c1cc(N2CCOCC2=O)ccc1,0
BACE_390,O1c2ncc(cc2C([NH2+]CC(O)C2NC(=O)C=3C=CC(=O)N(CCCCc4cc(C2)ccc4)C=3)CC12CCC2)CC(C)(C)C,1
BACE_1275,O1CC2(N=C1N)c1cc(ccc1Oc1c2cc(OC)cc1)-c1ccncc1,0
BACE_19,Fc1cc(cc(F)c1)C[C@H](NC(=O)c1cc(cc(c1)C)C(=O)N(CCC)CCC)[C@H](O)[C@@H]1[NH2+]CN(Cc2ccccc2)C1=O,1
BACE_1466,S(=O)(=O)(N(Cc1ccccc1)C)c1cc(ccc1)C(=O)NC(Cc1ccccc1)C(O)C[NH2+]C(C(=O)NC1CCCCC1)C,0
BACE_313,s1ccnc1-c1cc(ccc1)CC(NC(=O)C(O)C)C(O)C[NH2+]C1CC2(Oc3ncc(cc13)CC(C)(C)C)CCC2,1
BACE_912,Fc1cc(cc(F)c1)CC(NC(=O)c1c2c(n(c1)C(=O)NCCCC)cccc2)C(O)C[NH2+]Cc1cc(OC)ccc1,0
BACE_409,Fc1cc(cc(F)c1)C[C@H](NC(=O)c1c2cccnc2n(c1)C(=O)N1CCC[C@@H]1COC)[C@H](O)C[NH2+]Cc1cc(OC)ccc1,1
BACE_1342,O1c2c(cc(N3CCCCC3)cc2)C2(N=C(N)N(C)C2=O)CC1(C)C,0
BACE_32,s1cc(cc1)C[C@H](NC(=O)c1cc(nc(NC[C@H]2C[C@@H]2C)c1)N(S(=O)(=O)C)C)[C@@H]([NH3+])CCCC,1
BACE_789,Fc1c2c(ccc1)C(N=C2N)(c1cc(ccc1)-c1cncnc1)c1cc(ncc1)C1CC1,1
BACE_237,OC(C(NC(=O)C(NC(=O)C(NC(=O)C([NH3+])CCC(=O)[O-])C(C)C)CC(=O)N)CC(C)C)CC(C(=O)NC(C(=O)NC(CCC(=O)[O-])C(=O)NC(Cc1ccccc1)C(=O)[O-])C)C,1
BACE_1015,FC1(F)COC(=NC1(C)c1cc(NC(=O)c2nn(cc2)C)ccc1F)N,0
BACE_1131,S1(=O)(=O)CC(Cc2ccccc2)C(O)C([NH2+]Cc2cc(ccc2)C(C)C)C1,0
BACE_853,Fc1c2c(ccc1)C(N=C2N)(c1cc(ccc1)-c1cncnc1)c1ccncc1,0
BACE_455,s1cc(cc1C(=O)CC)C1(N=C(N)N(C)C1=O)c1cc(ccc1)-c1cncnc1,1
BACE_995,S1(=O)(=O)CC(Cc2cc(CC)c(O)cc2)C(O)C([NH2+]Cc2cc(ccc2)C(C)C)C1,0
BACE_403,FCC#Cc1cc(ccc1)[C@]1(N=C(N)N(C)C1=O)c1ccc(OC(F)F)cc1,1
BACE_1463,O1C2COCCC2(N=C1N)c1cc(NC(=O)c2nc(oc2)C)ccc1,0
BACE_190,O1CCC(OC(=O)[C@@H]2[NH2+]C[C@]3(C2)c2c(NC3=O)cccc2)CC1,0
BACE_1100,O(CCCC)c1ccc(cc1)C1(N=C(N)N(C)C1=O)C12CC3CC(C1)CC(C2)C3,0
BACE_982,Fc1cc(cc(F)c1)CC(NC(=O)C)C(O)C[NH2+]C1(CC1)c1cc(ccc1)CC(C)(C)C,0
BACE_528,Clc1cc(cc(Cl)c1)-c1cc(ccc1)C1(N=C(N2C1=NCCC2)N)c1ccc(OC)cc1,1
BACE_628,O=C(N1CCC(CC1C1CCCCC1)c1ccccc1)C1C[NH2+]CC12CCCc1nc(ccc12)C,1
BACE_410,O1CCC(CC1)CNC(=O)C(Cc1cc2cc(ccc2nc1N)-c1ccccc1C)C,1
BACE_1247,O=C1N(Cc2ccc(cc2)CNC(=O)NCCCC)C(NC1(CCC1CCCCC1)CC(C)C)=N,0
BACE_84,Fc1cc(cc(F)c1)C[C@H](NC(=O)C)[C@H](O)C[NH2+]C1(CCCCC1)c1cc(-n2nccc2)ccc1,1
BACE_712,FC1(F)CN2C(=NC1)C(N=C2N)(c1cc(ccc1)C#COCCCF)c1ccc(OC(F)F)cc1,1
BACE_49,Fc1ccc(NC(=O)c2ncc(cc2)C#N)cc1[C@]1(N=C(O[C@@H](C1)C(F)(F)F)N)CF,1
BACE_1157,O(C)c1cc(ccc1)C(=O)Nc1cc(ccc1)C1(N=C(N)N(C)C1=O)C1CCCCC1,0
BACE_157,O=C(NC(=[NH2+])N)Cn1c(ccc1-c1ccccc1)-c1ccccc1,0
BACE_434,S1(=O)CC(Cc2cc(OC(COC)C(F)(F)F)c(N)c(F)c2)C(O)C([NH2+]Cc2cc(ccc2)C(CO)(C)C)C1,1
BACE_1183,S1(=O)(=O)CC(Cc2ccccc2)C(O)C([NH2+]Cc2cc(ccc2)C(C)(C)C)C1,0
BACE_1292,S(=O)(=O)(N(c1cc(ncc1)C(=O)NC(Cc1ccccc1)C(O)C[NH2+]Cc1cc(ccc1)C(F)(F)F)c1ccccc1)C,0
BACE_1448,[NH+]=1[C@@](C=2N(CCCN=2)C=1N)(c1cc(ccc1)C(C)(C)C)c1ccccc1,0
BACE_851,Fc1cc(cc(F)c1)CC(NC(=O)c1cc(cc(c1)C(=O)N(CCC)CCC)C([NH3+])C)C(O)C[NH2+]Cc1cc(OC)ccc1,0
BACE_1273,O(C)c1cc(ccc1OC)C(=O)N[C@@H](Cc1ccc([N+](=O)[O-])cc1)C(=O)N[C@H]([C@@H](O)C[C@H](C(=O)NCC(C)C)C)CC(C)C,0
BACE_1528,Clc1cc2nc(n(c2cc1)CCCC(=O)NCc1cc(F)ccc1)N,0
BACE_1415,FC(F)(F)c1cc(ccc1)C1([NH+]=C(N2C1=NCCC2)N)c1ccccc1,0
BACE_181,O(C)c1cc(cnc1)-c1cc(ccc1)CNc1cccnc1N,0
BACE_1476,O=C1N(Cc2ccc(cc2)CNC(=O)NCCCC)C(NC1(CCc1ccccc1)CC(C)C)=N,0
BACE_1291,Fc1cc(cc(F)c1)CC(NC(=O)C)C(O)C[NH2+]C1(CCCCC1)c1onc(c1)C(C)(C)C,0
BACE_591,Fc1ccc(cc1C#CCCC)[C@]1(N=C(N)N(C)C1=O)c1cc(C)c(OC(F)F)cc1,1
BACE_553,S1(=O)(=O)N(C2C=C(C=C3N(CC[NH+](C23)CC1)CC)C(=O)NC(Cc1ccccc1)C(O)C[NH2+]Cc1cc(ccc1)C(F)(F)F)C,1
BACE_1201,S(=O)(=O)(N(C)c1cc(cc(c1)C(=O)NC(C(O)CC(OC)COCC1CC1)COc1cc(F)cc(F)c1)C(=O)NC(C)c1ccccc1)C,0
BACE_392,Fc1cc(cc(F)c1)CC(NC(=O)c1cc(cc(c1)/C(=N\OCC=C)/C)C(=O)N(CCC)CCC)C(O)C[NH2+]Cc1cc(OC)ccc1,1
BACE_1220,s1ccnc1N1S(=O)(=O)N(C2(CC([NH+](CC2)Cc2cc(OC(C)C)ccc2)C)C1)c1cc(F)ccc1,0
BACE_1242,Clc1cc2CC(N=C(NC(Cc3ccccc3)C(=O)[O-])c2cc1)(C)C,0
BACE_375,Clc1cc2CC(N=C(NC(Cc3c(csc3CCC)-c3cn[nH]c3)C(=O)[O-])c2cc1)(C)C,1
BACE_759,Fc1cc(cc(F)c1)CC(NC(=O)C)C(O)C[NH2+]C1(CCC(Nc2ncccc2)CC1)c1cc(ccc1)C(C)(C)C,1
BACE_1135,Clc1ccccc1-c1n(Cc2nc(N)ccc2)c(cc1)-c1ccc(OCCC)cc1,0
BACE_744,O(C)c1ccc(cc1)C1(N=C(N)N(C)C1=O)C12CC3CC(C1)CC(C2)C3,1
BACE_1243,O=C1N(C)C(=N[C@]1(C1CCCCC1)c1cc(NC(=O)CCC)ccc1)N,0
BACE_627,Clc1cc(ccc1OC)C1(N=C(N)N(C)C1=O)c1cc(ccc1)-c1cccnc1,1
BACE_606,Clc1ccc(nc1)C(=O)Nc1cc(C2(N=C(N)COC2)C)c(F)cc1,1
BACE_1314,S1(=O)(=O)CC(Cc2cc(Cc3cc(ccc3)C)c(O)cc2)C(O)C([NH2+]Cc2cc(ccc2)C(C)C)C1,0
BACE_270,Clc1cc(C[NH+]2CCC(NC(=O)COc3ccc(S(=O)(=O)N)cc3)CC2)c(OC(C)C)c(OC)c1,1
BACE_1246,O=C1N(C)C(=NC(C1)(C)C1CC1c1cc(ccc1)\C=C\c1ccccc1)N,0
BACE_725,Fc1ccc(OC)cc1-c1cc2c(OC(CC23N=C(N)N(C)C3=O)(C)C)cc1,1
BACE_1088,O(C)c1cc(ccc1)-c1cc(ccc1)C1(N=C(C)C(=N1)N)C1CCN(CC1)C(=O)C,0
BACE_936,S(=O)(=O)(N(C)c1cc(cc(c1)C(=O)NC(C(O)CC(OC)COCc1ccccc1)COc1cc(F)cc(F)c1)C(=O)NC(C)c1ccccc1)C,0
BACE_1381,S1(=O)(=O)NCC2(N1c1cc(F)ccc1)CC([NH+](CC2)Cc1cc(OCC(C)C)ccc1)C,0
BACE_1467,Clc1ccc(nc1)C(=O)Nc1cc(ccc1)C12N=C(SCCC1C2)N,0
BACE_1215,Clc1cc(ccc1)-c1cc(ccc1)C1(N=C(OC1)N)c1ccc(OC)cc1,0
BACE_336,s1cncc1-c1cc(ccc1)CC(NC(=O)COC)C(O)C[NH2+]C1CC2(Oc3ncc(cc13)CC(C)(C)C)CCC2,1
BACE_948,Fc1cc(cc(F)c1)CC(NC(=O)C)C(O)C[NH2+]C1(CCCCC1)c1cc(ccc1)C(CO)(C)C,0
BACE_427,Fc1c(cccc1C#C)CC(NC(=O)COC)C(O)C[NH2+]C1CC2(Oc3ncc(cc13)CC(C)(C)C)CCC2,1
BACE_399,S(=O)(=O)(N(C)c1cc(cc(c1)C(=O)NC(C(O)C[C@@H](C(=O)NC(C(C)C)C(=O)NCc1ccccc1)C)COc1cc(F)cc(F)c1)C(=O)NC(C)c1ccccc1)C,1
BACE_55,Clc1cc(ccc1)-c1cc2c(OC(C[C@@]23N=C(N)N(C)C3=O)(C)C)cc1,1
BACE_1126,Fc1cc(cc(F)c1)CN1C(=O)C(N=C1N)(C1CCCCC1)c1ccccc1,0
BACE_607,Clc1ccc(nc1)C(=O)Nc1cc(C2(N=C(N)C3(CC2)CC3)C)c(F)cc1,1
BACE_340,s1ccnc1-c1cc(ccc1)CC(NC(=O)COCC)C(O)C[NH2+]C1CC2(Oc3ncc(cc13)CC(C)(C)C)CCC2,1
BACE_1021,Ic1cc(ccc1)C1([NH2+]CC(O)C(NC(=O)C)Cc2cc(F)cc(F)c2)CCCCC1,0
BACE_1500,S(=O)(=O)(CCC([NH3+])(Cc1ccccc1)CO)c1cc(cc(N(S(=O)(=O)C)C)c1)C(=O)NC(C)c1ccc(F)cc1,0
BACE_111,Clc1cc2CC([NH+]=C(N[C@@H](Cc3ccccc3)C=3NC(=O)c4c(N=3)ccnc4)c2cc1)(C)C,0
BACE_846,Fc1cc(cc(F)c1)CC(NC(=O)c1c2c(n(c1)C(=O)N(CCCC)C)cc(cc2)C#N)C(O)C[NH2+]Cc1cc(OC)ccc1,0
BACE_732,FC(F)(F)c1cc(ccc1)C[NH2+]CC(O)C(NC(=O)c1cc(N2CCCC2=O)c(C)c(NCC)c1)Cc1ccccc1,1
BACE_102,Clc1ccccc1-c1n(Cc2nc(N)ccc2)c(cc1)-c1ccc(Oc2cncnc2)cc1,1
BACE_1138,O=C(NC1CC1)c1ccc(cc1)-c1n(Cc2nc(N)ccc2)c(cc1)-c1ccccc1,0
BACE_710,FC1(F)COC(=NC1(C)c1cc(NC(=O)c2ncc(OC(F)(F)F)cc2)ccc1F)N,1
BACE_1422,O(C)c1ccc(cc1)-c1cc(ccc1)C1CC1C1(N=C(N)N(C)C(=O)C1)C,0
BACE_294,Fc1ccc(cc1OC(F)(F)F)CC(NC(=O)C)C(O)C[NH2+]C1CC2(Oc3ncc(cc13)CC(C)(C)C)CCC2,1
BACE_1264,O=C1N(C)C(=NC1(c1ccccc1)c1ccccc1)N,0
BACE_324,S1(=O)(=O)CC(Cc2cc(O[C@H](COCCOC)C(F)(F)F)c(N)c(F)c2)C(O)C([NH2+]Cc2cc(ccc2)C(C)(C)C)C1,1
BACE_566,Clc1ccc(nc1)C(=O)Nc1cc(C23N=C(N)COCC2C3)c(F)cc1,1
BACE_1127,Clc1cc2CC(N=C(NC(Cc3cscc3-c3cn(nc3)C)C(=O)[O-])c2cc1)(C)C,0
BACE_739,Clc1cnc(nc1)C(=O)Nc1cc(C2(N=C(OCC2(F)F)N)C)c(F)cc1,1
BACE_996,s1ccc(C2(N=C(N)N(C)C2=O)c2cc(ccc2)-c2cncnc2)c1C,0
BACE_406,FC(F)Oc1ccc(cc1)[C@@]1(N=C(N)N(C)C1=O)c1cc(ccc1)C#CCCCCO,1
BACE_314,S(=O)(=O)(N(C)c1cc2cc(c1)C(=O)N[C@H](C\C=C\COCC(NC2=O)C(O)C[NH2+]Cc1cc(ccc1)C(C)C)c1ccccc1)C,1
BACE_1485,O=C1N(C)C(=NC(=C1)C1CC1c1ccc(cc1)-c1cc(ccc1)C(=O)N)N,0
BACE_882,O=C1N(C)C(=N[C@]1(c1cc(nc(c1)C)CC)c1cc(ccc1)-c1cncnc1)N,0
BACE_128,Fc1ccc(NC(=O)c2ncc(cc2)C#N)cc1[C@]1(N=C(OC[C@H]1F)N)C,0
BACE_355,Fc1c2c(ccc1)C(N=C2N)(c1cc(ccc1)-c1cc(cnc1)C#CC)c1cc(ncc1)C(F)F,1
BACE_320,s1ccnc1-c1cc(ccc1)CC(NC(=O)C)C(O)C[NH2+]C1CC2(Oc3ncc(cc13)CC(C)(C)C)CCC2,1
BACE_933,O1c2c(cc(NC(=O)c3oc(cc3)C)cc2)C2(N=C(N)N(C)C2=O)CC1(C)C,0
BACE_768,Fc1cc(cc(F)c1)CC(NC(=O)C)C(O)C[NH2+]C1(CCCCC1)c1cc(cc(OC)c1)C(C)(C)C,1
BACE_512,O=C(NCc1ccccc1)C(Cc1cc2cc(ccc2nc1N)-c1ccccc1C)C,1
BACE_384,S1(=O)(=O)N(c2cc(cc3c2n(cc3CC)CC1)C(=O)NC(Cc1ccccc1)C(O)C[NH2+]C1CCCCC1)C,1
BACE_172,O=C1N(C)C(N[C@](C1)(C)[C@@H]1C[C@H]1c1ccccc1)=N,0
BACE_1352,Brc1sccc1CC(NC1=NC(Cc2c1ccc(Cl)c2)(C)C)C(=O)[O-],0
BACE_481,S1(=O)(=O)N(c2c(CCC1)c(NCC)cc(c2)C(=O)NC(Cc1ccccc1)C(O)C[NH2+]Cc1cc(ccc1)C(F)(F)F)C,1
BACE_662,S1(=O)(=O)N(CCCC1)c1cc(cc(c1)C(=O)N[C@H]([C@@H](O)C[NH2+]Cc1cc(OC)ccc1)Cc1cc(F)cc(F)c1)C(O)C,1
BACE_236,S(=O)(=O)(N(C)c1cc(cc(c1)C(=O)NC(C(O)CC(OC)C(=O)NC(C(C)C)C(=O)NCc1ccccc1)COc1cc(F)cc(F)c1)C(=O)NC(C)c1ccccc1)C,1
BACE_843,OC(C(NC(=O)C(NC(=O)C(NC(=O)C)CC(C)C)C)CC(C)C)CC(C(=O)NCCCC)C,0
BACE_557,O(C)c1c(cc(cc1C)C1(N=C(C)C(=N1)N)c1cc(ccc1)-c1cc(cnc1)C#CC)C,1
BACE_142,Fc1ccc(NC(=O)c2ncc(cc2)C#N)cc1[C@]1(N=C(O[C@H](C1)C(F)(F)F)N)C,0
BACE_1123,Clc1ccc(nc1)C(=O)Nc1cc(ccc1)C1(N=C(N)N(C)C1=O)C,0
BACE_1170,FC1(F)c2c(cc(cc2)-c2cncnc2)C2(N=C(N)N(C)C2=O)CC1(C)C,0
BACE_1074,Fc1ccc(OC)cc1-c1cc2c(Oc3c(cc(OC)cc3)C23N=C(OC3)N)cc1,0
BACE_1232,Clc1cc(ccc1)C1(N=C(N)N(C)C1=O)c1ccccc1,0
BACE_817,O(C)c1ccc(cc1)[C@@]1([NH+]=C(N2C1=NCCC2)N)c1cc(ccc1)-c1cncnc1,1
BACE_524,Fc1cc(cc(F)c1)CC(NC(=O)c1cc(cc(Oc2ccc(F)cc2)c1)C(=O)N(CCC)CCC)C(O)C[NH2+]Cc1cc(OC)ccc1,1
BACE_1139,S1(=O)(=O)CC(Cc2cc(CO)c(O)cc2)C(O)C([NH2+]Cc2cc(ccc2)C(C)C)C1,0
BACE_201,Clc1cc(ccc1)CCc1cccnc1N,0
BACE_1200,Clc1cc2CC(N=C(NC(Cc3cscc3-c3ccncc3)C(=O)[O-])c2cc1)(C)C,0
BACE_1258,O(C)C1CC(N=C1N)(c1cc(ccc1)-c1cccnc1)c1ccc(OC)cc1,0
BACE_1389,s1cccc1-c1ccc(cc1)C1CC1C=1N=C(N)N(C)C(=O)C=1,0
BACE_1444,s1cccc1C1([NH2+]CC(O)C(NC(=O)C)Cc2cc(F)cc(F)c2)CCCCC1,0
BACE_537,Fc1cc(cc(F)c1)CC(NC(=O)C(N1CCC(COC)C1=O)CCc1ccccc1)C(O)C1[NH2+]CC(OCCC)C1,1
BACE_11,Fc1cc(cc(F)c1)C[C@H](NC(=O)c1cc(cc(c1)C)C(=O)N(CCC)CCC)[C@H](O)[C@@H]1[NH2+]C[C@H](Oc2ccccc2)C1,1
BACE_149,S(=O)(=O)(N(C)c1nc2CC[C@@H](CCc3cc(C[C@]([NH3+])(C)C(OCc(c1)c2)=O)ccc3)C)C,0
BACE_762,FC(F)(F)c1cc(ccc1)-c1cc2c(OC(CC23N=C(N)N(C)C3=O)(C)C)cc1,1
BACE_310,Fc1cc(cc(F)c1)CC(NC(=O)C(N1CCC(NC(=O)C)(C(CC)C)C1=O)CCc1ccccc1)C(O)C1[NH2+]CC(OCc2cc(ccc2)C#N)C1,1
BACE_326,Fc1cc(cc(F)c1)CC(NC(=O)C(N1CCC(NC(=O)C)(C(CC)C)C1=O)CCc1ccccc1)C(O)C1[NH2+]Cc2c(C1)cccc2OC,1
BACE_652,Fc1cc(cc(F)c1)CC(NC(=O)C(N1CCC(C(O)CCC)C1=O)C)C(O)C1[NH2+]CC(O)C1,1
BACE_319,Fc1ccc(cc1C#C)CC(NC(=O)COC)C(O)C[NH2+]C1CC2(Oc3ncc(cc13)CC(C)(C)C)CCC2,1
BACE_1056,Fc1cc(cc(F)c1)C[C@H](NC(=O)C)[C@H](O)C[NH2+]C1(CCC1)c1cc(ccc1)C(C)(C)C,0
BACE_636,Fc1cc(cc(F)c1)CC(NC(=O)C)C(O)C[NH2+]C1(CCC(CC1)CO)c1cc(ccc1)C(C)(C)C,1
BACE_1083,FC(F)(F)Oc1ccc(cc1)[C@]1([NH+]=C(N2C1=NCCC2)N)c1cc(ccc1)-c1cncnc1,0
BACE_1143,O=C1N(Cc2ccccc2)C(=NC1(C1CCCCC1)c1ccccc1)N,0
BACE_1282,Clc1ccc(nc1)C(=O)Nc1cc2c(CCC23N=C(SC3)N)cc1,0
BACE_131,s1cc(cc1C1([NH2+]C[C@@H](O)[C@@H](NC(=O)C)Cc2cc(F)cc(F)c2)CC1)CC(C)(C)C,0
BACE_1380,O=C1N(C)C(=NC(=C1)C1CC1c1ccc(cc1)-c1cc(ccc1)CCC)N,0
BACE_360,S1(=O)(=O)N(c2cc(cc3c2n(cc3CC)CC1)C(=O)NC(Cc1ccccc1)C(O)C[NH2+]CCC(F)(F)F)C,1
BACE_351,Fc1c2c(ccc1)C(N=C2N)(C=1C=C(C)C(=O)N(C=1)C)c1cc(ccc1)C#CC1CC1,1
BACE_1101,Fc1cc(cc(F)c1)CC(NC(=O)C)C(O)C[NH2+]C1(CC1)c1nn(cc1)CC(C)(C)C,0
BACE_517,Fc1ncccc1-c1cc(ccc1)C1(N=C(N)N(C)C1=O)c1cn(nc1)CCC(C)(C)C,1
BACE_1027,S1(=O)(=O)Nc2cc(cc3c2n(cc3CC)CCC1)C(=O)NC(Cc1ccccc1)C(O)C[NH2+]C1CC1,0
BACE_137,O=C1N(C)C(N[C@@]1(CC1CCCCC1)CCC1CCCCC1)=N,0
BACE_545,Clc1cc(cc(F)c1)-c1cc2c(CC(CC23N=C(N)N(C)C3=O)(C)C)cc1,1
BACE_750,Fc1ccc(cc1OCC(F)F)[C@]1(N=C(N)N(C)C1=O)c1cc(C)c(OC(F)F)cc1,1
BACE_1046,Clc1cc2CC(N=C(NC(Cc3cscc3CCC3CC3)C(=O)[O-])c2cc1)(C)C,0
BACE_465,s1ccnc1-c1cc(ccc1)CC(NC(=O)C(OCC)C)C(O)C[NH2+]C1CC2(Oc3ncc(cc13)CC(C)(C)C)CCC2,1
BACE_1320,O(C)c1ccccc1C[NH2+]CC(O)C(NC(=O)c1c2cccnc2n(c1)C(=O)N(CCCC)C)Cc1ccccc1,0
BACE_696,S(C(C)C)C(NC(=O)C(C(C)C)CC(O)C1NC(=O)c2cc(N(S(=O)(=O)C)C)cc(c2)C(=O)NC(c2cc(COC1)ccc2)C)C(=O)NCc1ccccc1,1
BACE_1376,Clc1ccc(nc1)C(=O)Nc1cc2c(CCC23N=C(OC3)N)cc1,0
BACE_706,Brc1cc(ccc1O)CC1CS(=O)(=O)CC([NH2+]Cc2cc(ccc2)C(C)(C)C)C1O,1
BACE_160,Fc1cc(cc(F)c1)C[C@H](NC(=O)c1cc(cc(c1)C)C(=O)N(CCC)CCC)[C@@H](O)C[NH2+]Cc1cc(OC)ccc1,0
BACE_1059,O(C)c1ccc(cc1C)C1(N=C(N)N(C)C1=O)c1cc(-c2cccnc2)c(cc1)C#N,0
BACE_1338,S(=O)(=O)(N1C(C)=C(C(=O)N[C@H]([C@H](O)C[NH2+]C2CC2)Cc2ccccc2)[C@H](CCC)C(C(=O)NOCc2ccccc2)=C1C)C,0
BACE_613,FC1(F)COC(=NC1(C)c1cc(NC(=O)c2ncc(cc2)C#C)ccc1F)N,1
BACE_381,S(=O)(=O)(N(C)c1cc(cc(c1)/C(=N\OCc1ccccc1)/C)C(=O)N[C@H]([C@@H](O)C[NH2+]Cc1cc(OC)ccc1)Cc1cc(F)cc(F)c1)C,1
BACE_1334,S(=O)(=O)(Nc1cc(ccc1)C(=O)NC(Cc1ccccc1)C(O)C[NH2+]C(C(=O)NC1CCCCC1)C)c1ccccc1,0
BACE_1341,O(CCC)c1cc(ccc1)-c1cc(ccc1)C1CC1C1(N=C(N)N(C)C(=O)C1)C,0
BACE_574,FC(C(=O)NC(Cc1cc2OCOc2cc1)C(O)C[NH2+]C1CC2(Oc3ncc(cc13)CC(C)(C)C)CCC2)C,1
BACE_1184,Clc1ccccc1-c1n(Cc2nc(N)ccc2)c(cc1)-c1ccc(OCCCC)cc1,0
BACE_629,S1(=O)(=O)CC(Cc2cc(OCC(F)(F)F)c(N)cc2)C(O)C([NH2+]Cc2cc(ccc2)C(C)(C)C)C1,1
BACE_1515,O=C1N(C)C(=NC(=C1)CCc1ccccc1)N,0
BACE_197,O=C1N(C)C(=NC(=C1)[C@H]1C[C@H]1c1ccccc1)N,0
BACE_1285,OC(C(NC(=O)C1CC(CCC1)C(NC(=O)C)(C)C)Cc1ccccc1)C[NH2+]Cc1cc(ccc1)C(C)C,0
BACE_1001,O=C1N(CC2CCC(CC2)C(=O)[O-])C(=NC1(C1CCCCC1)c1ccccc1)N,0
BACE_468,S(=O)(=O)(N(c1cc(cc(c1)C(=O)N[C@H]([C@@H](O)C[NH2+]Cc1cc(OC)ccc1)Cc1cc(F)cc(F)c1)C(=O)C)c1ccccc1)C,1
BACE_439,Fc1ccc(cc1C#CCOC)[C@]1(N=C(N)N(C)C1=O)c1cc(C)c(OC(F)F)cc1,1
BACE_957,O1c2c(cc(cc2)C2CCCCC2)C2(N=C(N)N(C)C2=O)CC1(C)C,0
BACE_1482,Brc1ccccc1C1C[NH2+]CC1C(=O)N1CCCCC1c1ccccc1,0
BACE_98,O(C)c1cc(ccc1)C[NH2+]C[C@@H](O)[C@@H](NC(=O)c1c2c(n(c1)C(=O)N(CCCC)CCCC)cccc2)Cc1ccccc1,1
BACE_622,O=C(NCC1CCCCC1)CCc1cc2cc(ccc2nc1N)-c1ccccc1C,1
BACE_158,Brc1cc2c(S(=O)(=O)CC[C@@H]2OC(=O)[C@@H]2[NH2+]C[C@]3(C2)c2c(NC3=O)cccc2)cc1,0
BACE_449,S(=O)(=O)(N(C)c1cc2cc(c1)C(=O)NCC\C=C\COCC(NC2=O)C(O)C[NH2+]Cc1cc(ccc1)C(C)C)C,1
BACE_1519,O=C1N(C)C(=NC(=C1)CCc1ccc(cc1)-c1ccccc1)N,0
BACE_508,FC(F)Oc1ccc(cc1)[C@@]1(N=C(N)N(C)C1=O)c1cc(OCC2CC2)ccc1,1
BACE_1082,Clc1cc(cnc1)-c1cc2c(CC(CC23N=C(OC3)N)(C)C)cc1,0
BACE_1373,S(=O)(=O)(N(C)c1cc(cc(c1)COCC([NH3+])Cc1ccccc1)C(=O)NC(C)c1ccc(F)cc1)C,0
BACE_981,Fc1cc(cc(F)c1)CC(NC(=O)C)C(O)C[NH2+]C1(CCCCC1)c1cc(N2C3CC(CC3)C2=O)ccc1,0
BACE_477,O=C1N(C)C(=NC12CC(Cc1c2cc(cc1)-c1cc(ccc1)C#N)(C)C)N,1
BACE_180,[NH+]=1C(C=2N(CCCN=2)C=1N)(c1ccccc1)c1ccccc1,0
BACE_419,S(=O)(=O)(N(c1cc(ccc1)C(=O)N[C@H]([C@@H](O)C[NH2+]Cc1cc(OC)ccc1)Cc1cc(F)cc(F)c1)c1ccccc1)C,1
BACE_1335,S1CC(=NC1(C)c1cc(ccc1)-c1cc(OC)ccc1)N,0
BACE_681,Fc1cc(cc(F)c1)CC(NC(=O)C)C(O)C[NH2+]C1(CCC(CC1)=C)c1cc(ccc1)C(C)(C)C,1
BACE_1286,Brc1cc(ccc1O)CC1CS(=O)(=O)CC([NH2+]Cc2cc(Cl)cc(Cl)c2)C1O,0
BACE_1147,n1cc(ccc1)-c1cc(ccc1)C1(N=C(C)C(=N1)N)c1ccccc1,0
BACE_644,FC(F)(F)c1cc(ccc1OC)C1(N=C(N)N(C)C1=O)c1cc(ccc1)-c1cccnc1,1
BACE_674,Fc1cc(cc(F)c1)CC(NC(=O)C(N1CCC(NC(=O)C)(CC2CC2)C1=O)C)C(O)C[NH2+]Cc1cc(OC)ccc1,1
BACE_1278,S(=O)(=O)(C)c1ccc(cc1)-c1ccccc1C1C[NH2+]CC1C(=O)N1CCOCC1c1ccccc1,0
BACE_830,FC1(F)COC(=NC1(C)c1cc(NC(=O)c2ncc(OCC(F)(F)F)cc2)ccc1F)N,0
BACE_956,O(C)c1ccc(cc1)C1(N=C(C)C(=N1)N)c1cc(ccc1)-c1cncnc1,0
BACE_695,FC(F)Oc1ccc(cc1)[C@@]1(N=C(N)N(C)C1=O)c1cc(ccc1)\C=C\CCO,1
BACE_322,Fc1cc(cc(F)c1)CC(NC(=O)c1cc(cc(c1)C(=O)N(CCC)CCC)C(=O)C)C(O)C[NH2+]Cc1cc(OC)ccc1,1
BACE_1490,Clc1cc2CC(N=C(NC(Cc3ccccc3)c3nc4occc4cn3)c2cc1)(C)C,0
BACE_915,FC(F)(F)CCOc1cc(ccc1)[C@]1(N=C(N)N(C)C1=O)c1ccc(OC(F)F)cc1,0
BACE_89,O=C(NC1CCCCC1)CCc1cc2cc(ccc2nc1N)-c1ccccc1C,1
BACE_1023,Clc1sc(cc1C1(N=C(N)N(C)C1=O)c1cc(ccc1)-c1cncnc1)C,0
BACE_975,s1cc(cc1C(C)C)C1([NH2+]CC(O)C(NC(=O)C)Cc2cc(F)cc(F)c2)CCCCC1,0
BACE_614,Clc1ccc(nc1)C(=O)Nc1cc(ccc1)C1(N=C(N)C[NH+](C1)C)C,1
BACE_700,FC1(F)COC(=NC1(C)c1cc(NC(=O)c2ncc(OC)cc2)ccc1F)N,1
BACE_1434,Fc1cc(NC[C@@H](O)[C@@H](NC(=O)C=2[C@H](CCC)C(C(=O)C)=C(N(CC(OC(C)C)=O)C=2C)C)Cc2ccccc2)ccc1,0
BACE_737,Fc1cc(cc(F)c1)CC(NC(=O)c1cc(cc(c1)/C(=N\OCc1ccccc1)/C)C(=O)N(CCC)CCC)C(O)C[NH2+]Cc1cc(OC)ccc1,1
BACE_1099,Fc1cc(cc(F)c1)CC(NC(=O)c1c2cc(ccc2n(c1)C(=O)N(CCCC)C)C(OCc1ccccc1)=O)C(O)C[NH2+]Cc1cc(OC)ccc1,0
BACE_318,S(=O)(=O)(N(C)c1cc(cc(c1)C(=O)NC(C(O)CC(C(=O)NC(C(C)C)C(=O)NCc1ccccc1)C)COCc1ccccc1)C(=O)NC(C)c1ccccc1)C,1
BACE_1465,O=C1N(C)C(=NC(=C1)C1CC1c1ccc(cc1)-c1ccccc1C)N,0
BACE_633,Fc1ccc(cc1-c1cncnc1)C1(N=C(N)c2c1cc(F)cc2F)c1cc(ncc1)C(F)F,1
BACE_377,Fc1c2c(ccc1)C(N=C2N)(C=1C=C(C)C(=O)N(C=1)CC)c1cc(ccc1)-c1cc(cnc1)C#N,1
BACE_1442,O(C(C)C)C(=O)CN1C=C(C(=O)N[C@H](C)c2ccccc2)[C@@H](CCC)C(=C1)C(=O)N[C@H]([C@H](O)C[NH2+]C1CC1)Cc1ccccc1,0
BACE_1459,O1C2COCCC2(N=C1N)c1cc(ccc1)-c1cc(OC)ccc1,0
BACE_1241,Brc1cc(ccc1OC)CC1CS(=O)(=O)CC([NH2+]Cc2cc(ccc2)C(C)C)C1O,0
BACE_872,S(=O)(=O)(N(C)c1cc(cc(c1)C(=O)NC(C(O)CC(OC)COCc1ccc(OC)cc1)COc1cc(F)cc(F)c1)C(=O)NC(C)c1ccccc1)C,0
BACE_638,Clc1cc(cc(F)c1)-c1cc2c(OC(CC23N=C(N)N(C)C3=O)(C)C)cc1,1
BACE_488,Fc1cc(cc(F)c1)CC(NC(=O)c1cc(cc(c1)C)C(=O)N(CCC)CCC)[C@@H](O)C[NH2+]Cc1cc(OC)ccc1,1
BACE_404,FCCC#Cc1cc(ccc1)[C@]1(N=C(N)N(C)C1=O)c1ccc(OC(F)F)cc1,1
BACE_362,S(=O)(=O)(N(C)c1cc(cc(c1)C(=O)NC(C)c1ccc(F)cc1)-c1oc(cn1)C([NH3+])(Cc1ccccc1)C)C,1
BACE_1377,S(=O)(=O)(N(C)c1cc(cc(c1)C(=O)NCC([NH3+])(Cc1ccccc1)CO)C(=O)NC(C)c1ccc(F)cc1)C,0
BACE_1370,O1CCC(=NC1(C)c1cc(ccc1)-c1cc(OC)ccc1)N,0
BACE_752,Fc1cc(cc(F)c1)CC(NC(=O)C(N1CCC(C(O)CCC)C1=O)C)C(O)C1[NH2+]CC(OCCC)C1,1
BACE_1436,Fc1ccc(nc1)C(=O)Nc1cc(ccc1)C12N=C(OC1COCC2)N,0
BACE_1438,O1CCN(CC1)C(=O)CN1C(C)=C(C(=O)N[C@H]([C@H](O)C[NH2+]C2CC2)Cc2ccccc2)[C@H](C)C(C(OCc2ccccc2)=O)=C1C,0
BACE_356,Fc1cc(F)ccc1CC(NC(=O)C)C(O)C[NH2+]C1CC2(Oc3ncc(cc13)CC(C)(C)C)CCC2,1
BACE_346,S(=O)(=O)(N(c1cc(cc(N2CCCC2=O)c1)C(=O)NC(Cc1ccccc1)C(O)C[NH2+]Cc1cc(ccc1)C(F)(F)F)c1ccccc1)C,1
BACE_1196,S(=O)(=O)(N(C)c1nc(N(CC2CC2C)C)cc(c1)C(=O)NC(C(O)CC(OC)COCc1ccc(OC)cc1)COc1cc(F)cc(F)c1)C,0
BACE_998,Fc1cc(cc(F)c1)CC(NC(=O)C)C(O)C[NH2+]C1(CCC(CC1)C#N)c1cc(ccc1)C(C)(C)C,0
BACE_13,S1(=O)(=O)N(CCCC1)c1cc(cc(NCC)c1)C(=O)N[C@H]([C@H](O)C[NH2+]Cc1cc(ccc1)C(F)(F)F)Cc1ccccc1,1
BACE_173,Brc1cc2c(SCC[C@@H]2OC(=O)[C@@H]2[NH2+]C[C@]3(C2)c2c(NC3=O)cccc2)cc1,0
BACE_288,Fc1cc(cc(F)c1)CC(NC(=O)c1cc(cc(c1)C(=O)N(CCC)CCC)C(O)C)C(O)C[NH2+]Cc1cc(OC)ccc1,1
BACE_1502,O(C)c1cc(ccc1)C(=O)NCC(O)C(NC(=O)c1c2cccnc2n(c1)C(=O)N(CCCC)C)Cc1ccccc1,0
BACE_1063,s1c2c(nc1C)C(=NC2(c1cc(ccc1)-c1cncnc1)c1ccc(OC)cc1)N,0
BACE_840,Fc1cc(cc(F)c1)CC(NC(=O)C)C(O)C[NH2+]C1(CCC(=O)CC1)c1cc(ccc1)C(C)(C)C,0
BACE_140,Clc1ccccc1-c1n(CC(=O)NC(=[NH2+])N)c(cc1)-c1ccc(Oc2ccc(cc2)C(=O)C)cc1,0
BACE_580,O=C1N(C)C(=N[C@@]1(c1cc(ccc1)-c1cncnc1)c1cc(ncc1)CC)N,1
BACE_651,FCCCCC#Cc1cc(ccc1)[C@]1(N=C(N)N(C)C1=O)c1ccc(OC(F)F)cc1,1
BACE_963,O1CCCCNc2cc(ccc2)C(=O)NC(Cc2cc1ccc2)C(O)C[NH2+]Cc1cc(ccc1)C(C)C,0
BACE_820,O=C1N(C)C(=N[C@@]1(c1cc(ccc1)-c1cccnc1)c1cc(ncc1)C)N,1
BACE_589,Fc1ccc(cc1OCC\C=C(\F)/F)[C@]1(N=C(N)N(C)C1=O)c1ccc(OC(F)F)cc1,1
BACE_141,Clc1cc2CC([NH+]=C(N[C@@H](Cc3ccccc3)C3=NOC(=O)[N-]3)c2cc1)(C)C,0
BACE_1356,S(=O)(=O)(N(C)c1cc(cc(c1)C(=O)NC(C(O)CC(OC)CO)COc1cc(F)cc(F)c1)C(=O)NC(C)c1ccccc1)C,0
BACE_1039,S1(=O)(=O)N(C2C=C(C=C3N(CC[NH+](C23)CC1)CC)C(=O)NC(Cc1ccccc1)C(O)C[NH2+]C1CC1)C,0
BACE_251,O1CCCCCCNC(=O)CC(NC(=O)C(NC1=O)C(C)C)C(=O)NC(C(O)CC(C(=O)NC(C(C)C)C(=O)NCc1ccccc1)C)CC(C)C,1
BACE_657,Clc1ccc(nc1)C(=O)Nc1cc(C2(N=C(N)C(=O)N(C2)C)C)c(F)cc1,1
BACE_438,S(=O)(=O)(N(c1cc(cc(c1)C(=O)NC(Cc1ccccc1)C(O)C[NH2+]Cc1cc(ccc1)C(F)(F)F)-c1ccccc1)c1ccccc1)C,1
BACE_353,s1ccnc1-c1cc(ccc1F)CC(NC(=O)COC)C(O)C[NH2+]C1CC2(Oc3ncc(cc13)CC(C)(C)C)CCC2,1
BACE_327,Fc1ccc(cc1OC)CC(NC(=O)C)C(O)C[NH2+]C1CC2(Oc3ncc(cc13)CC(C)(C)C)CCC2,1
BACE_1487,O=C1N(C)C(=NC(=C1)C1CC1c1ccc(cc1)-c1cc(NC(=O)C)ccc1)N,0
BACE_1516,Clc1cc2CC(N=C(NC(Cc3ccccc3)c3ocnn3)c2cc1)(C)C,0
BACE_711,Clc1cc(cc(Cl)c1NC(=O)C)CNC(=[NH2+])NC(=O)Cn1c2c(cc(cc2)C#N)cc1,1
BACE_1437,O(C(=O)C=1[C@@H](C)C(C(=O)N[C@H]([C@H](O)C[NH2+]C2CC2)Cc2ccccc2)=C(N(CC(=O)N(C(C)C)C)C=1C)C)Cc1ccccc1,0
BACE_1249,O=C(NCCCC)c1ccc(cc1)-c1n(Cc2nc(N)ccc2)c(cc1)-c1ccccc1,0
BACE_1164,Fc1cc(cc(F)c1)CC(NC(=O)C)C(O)C[NH2+]C1(CCCCC1)c1cc(N2CCNC2=O)ccc1,0
BACE_604,s1cncc1CNC(=O)C(Cc1cc2cc(ccc2nc1N)-c1ccccc1C)C,1
BACE_534,S1(=O)(=O)N(c2cc(cc3c2n(cc3CC)CC1)C(=O)NC(Cc1ccccc1)C(O)C[NH2+]C1CCOCC1)C(C)C,1
BACE_1210,S1CCC(N=C1N)(C)c1cc(ccc1)-c1cc(OC)ccc1,0
BACE_4,S1(=O)(=O)C[C@@H](Cc2cc(O[C@H](COCC)C(F)(F)F)c(N)c(F)c2)[C@H](O)[C@@H]([NH2+]Cc2cc(ccc2)C(C)(C)C)C1,1
BACE_788,S1(Oc2cc(cc3c2n(cc3CC)CC1)C(=O)NC([C@H](O)C[NH2+]CC1CCOCC1)Cc1ccccc1)(=O)=O,1
BACE_497,S(=O)(=O)(N(c1cc(ccc1)C(=O)NC(Cc1ccccc1)C(O)C[NH2+]C(C(=O)NC1CCCCC1)C)c1ccc(cc1)C(F)(F)F)C,1
BACE_349,S1(=O)(=O)CC(Cc2cc(OC(C(F)(F)F)C(F)(F)F)c(N)c(F)c2)C(O)C([NH2+]Cc2cc3c(COC3(C)C)cc2)C1,1
BACE_6,S1(=O)C[C@@H](Cc2cc(OC(C(F)(F)F)C(F)(F)F)c(N)c(F)c2)[C@H](O)[C@@H]([NH2+]Cc2cc(ccc2)C(C)(C)C)C1,1
BACE_1019,O1c2c(cc(cc2)-c2ccccc2)C2(N=C(N)N(C)C2=O)CC1(C)C,0
BACE_578,Fc1ncccc1-c1cc(ccc1)C1(N=C(N2C1=NOCC2)N)c1ccc(OC(F)(F)F)cc1,1
BACE_1206,Fc1ncccc1-c1cc(ccc1)[C@@]1(N=C(N)N(C)C1=O)c1cn(nc1)CC,0
BACE_40,Fc1ccc(NC(=O)c2ncc(cc2)C#N)cc1[C@]1(N=C(O[C@H](C(F)(F)F)[C@@H]1F)N)C,1
BACE_573,Fc1ccc(OC)cc1-c1cc(ccc1)C1(N=C(N2C1=NCC(F)(F)C2)N)c1ccncc1,1
BACE_269,Clc1cc(C[NH+]2CCC(NC(=O)COc3ccc(S(=O)(=O)N)cc3C)CC2)c(OC(C)C)c(OC)c1,1
BACE_138,Clc1cc2CC([NH+]=C(N[C@@H](Cc3cscc3CCC)C(=O)[O-])c2cc1)(C)C,0
BACE_1230,Clc1cc2CC(N=C(NC(Cc3cscc3C3CC3)C(=O)[O-])c2cc1)(C)C,0
BACE_641,FC(F)(F)c1cc(ccc1)C[NH2+]CC(O)C(NC(=O)c1cc(N2CCCC2=O)c2n(cc(c2c1)CC)C)Cc1ccccc1,1
BACE_1064,Fc1cc(cc(F)c1)CC(NC(=O)C)C(O)C[NH2+]C1(CC1)c1nccc(c1)C(C)(C)C,0
BACE_970,S(=O)(=O)(N(c1ccccc1C#N)c1cc(ccc1)C(=O)NC(Cc1ccccc1)C(O)C[NH2+]C(C(=O)NC1CCCCC1)C)C,0
BACE_1177,Clc1cc(F)c(cc1)-c1cc2c(Oc3c(cc(OC)cc3)C23N=C(OC3)N)cc1,0
BACE_1412,O=C1N(C)C(=NC(C1)(C)C1CC1c1cc(ccc1)-c1cc(ccc1)CO)N,0
BACE_612,S1(=O)(=O)CC(Cc2cc(O[C@@H](COCC)C(F)(F)F)c(N)c(F)c2)C(O)C([NH2+]Cc2cc(ccc2)C(C)(C)C)C1,1
BACE_1522,O1C2CCCCC2(N=C1N)c1cc(NC(=O)c2ncccc2)ccc1,0
BACE_831,FC(F)(F)c1cc(ccc1)C[NH2+]CC(O)C(NC(=O)c1cc(N2CCCC2=O)c(OC)c(NCC)c1)Cc1ccccc1,0
BACE_1435,O=C([O-])C(NC1=NC(Cc2c1cccc2)(C)C)Cc1ccccc1,0
BACE_405,FC(F)Oc1ccc(cc1)[C@@]1(N=C(N)N(C)C1=O)c1cc(ccc1)C#CCCO,1
BACE_342,Fc1cc(cc(F)c1)CC(NC(=O)C(N1CCC(NC(=O)C)(C(CC)C)C1=O)CCc1ccccc1)C(O)C1[NH2+]CC(Oc2cccnc2)C1,1
BACE_472,S1(=O)(=O)N(CCCC1)c1cc(cc(NCC)c1OC)C(=O)NC(Cc1ccccc1)C(O)C[NH2+]Cc1cc(ccc1)C(F)(F)F,1
BACE_347,S1(=O)(=O)CC(Cc2cc(OCC(F)F)c(N)c(F)c2)C(O)C([NH2+]Cc2cc(ccc2)C(C)(C)C)C1,1
BACE_849,S1(=O)(=O)CC(Cc2cc(O)c(N)c(F)c2)C(O)C([NH2+]Cc2cc(ccc2)C(C)(C)C)C1,0
BACE_1421,O=C1N(C)C(=NC(=C1)C1CC1c1ccc(cc1)-c1cc(ccc1)CC)N,0
BACE_1174,O(C)c1cc(ccc1)C[NH2+]CC(O)C(NC(=O)c1c2c(n(c1)C(=O)N(CC)CC)cccc2)Cc1ccccc1,0
BACE_454,O=C(C)c1ccccc1-c1cc2cc(CC(C(=O)NCCC(C)(C)C)C)c(nc2cc1)N,1
BACE_584,Fc1ncccc1-c1cc(ccc1)[C@]1(N=C(N)N(C)C1=O)c1ccc(OCCF)cc1,1
BACE_625,Fc1ccc(cc1-c1cncnc1)C1(N=C(N)c2c1cccc2F)c1cc(ncc1)C(F)F,1
BACE_939,S(C(C)C)C(NC(=O)C(C(C)C)CC(O)C1NC(=O)c2cc(N(S(=O)(=O)C)C)cc(c2)C(=O)NC(c2cc(COC1)ccc2)c1ccccc1)C(=O)NCc1ccccc1,0
BACE_691,Fc1cc(ccc1OC)C1(N=C(N)N(C)C1=O)c1cc(ccc1)-c1cccnc1,1
BACE_812,Fc1cc(cc(F)c1)CC(NC(=O)C(N1CCC(CCCC)C1=O)C)C(O)C1[NH2+]CC(O)C1,1
BACE_1261,O(C)c1cc(ccc1)-c1cc(ccc1)C1CC1C1(N=C(N)N(C)C(=O)C1)C,0
BACE_834,Fc1cc(cc(F)c1)C[C@H](NC(=O)C)[C@H](O)C[NH2+]C1(CCOCC1)c1cc(-n2nccc2)ccc1,0
BACE_254,Clc1cc(cc(Cl)c1N)CN\C(=N/C(=O)c1c(nsc1C)-c1ccc(OC)cc1)\N,1
BACE_877,Brc1cc(ccc1N)CC1CS(=O)(=O)CC([NH2+]Cc2cc(ccc2)C(C)(C)C)C1O,0
BACE_1276,S(CCC(NC(=O)C(NC(=O)C)C)C(=O)NC(C(O)CC(C(=O)NCCCC)C)CC(C)C)C,0
BACE_1173,S1(=O)(=O)N(c2c3n(cc(c3c(cc2)C(=O)NC(C(O)CC(OC)COCc2ccc(OC)cc2)COc2cc(F)cc(F)c2)CC)CC1)C,0
BACE_888,Clc1cn(nc1C(=O)Nc1cc(C2(N=C(OCC2(F)F)N)C)c(F)cc1)C,0
BACE_67,FC(F)(F)c1cc(ccc1)C[NH2+]C[C@@H](O)[C@@H](NC(=O)c1cc(N2CCCC2=O)cc(NCC)c1)Cc1ccccc1,1
BACE_422,S(=O)(=O)(N(c1cc(ccc1)C(=O)NC(Cc1ccccc1)C(O)C[NH2+]C(C(=O)NC1CCCCC1)C)c1ccc(OC)cc1)C,1
BACE_610,Fc1cc(cc(F)c1)CC(NC(=O)c1c2cccnc2n(c1)C(=O)N(CCCCC)C)C(O)C[NH2+]Cc1cc(OC)ccc1,1
BACE_1443,s1c(nnc1C([NH3+])(Cc1ccccc1)C)-c1cc(cc(N(S(=O)(=O)C)C)c1)C(=O)NC(C)c1ccc(F)cc1,0
BACE_238,s1cc(cc1C12N=C(N)N(C)C(=O)C1CN(C2)c1nc(OC)ccc1)-c1cc(ccc1)C#N,1
BACE_1202,Fc1cc(cc(F)c1)CC(NC(=O)C)C(O)C[NH2+]C1(CC1)c1cc(N2C3CC(CC3)C2)ccc1,0
BACE_824,FC1(F)CN2C(=NC1)C(N=C2N)(c1cc(ccc1)-c1cncnc1)c1ccc(OC)cc1,1
BACE_567,FC(F)(F)c1cc(ccc1)C[NH2+]CC(O)C(NC(=O)c1cc(N2CCCC2=O)c2c(n(nc2)CC)c1)Cc1ccccc1,1
BACE_1418,S(=O)(=O)(N(C)c1cc(cc(c1)C(=O)NC(C)c1ccc(F)cc1)CCCC([NH3+])(Cc1ccccc1)CO)C,0
BACE_702,S1(=O)(=O)CC(Cc2cc(CC)c(NC(=O)C[NH+](C)C)c(F)c2)C(O)C([NH2+]Cc2cc(ccc2)C(C)(C)C)C1,1
BACE_86,s1cc(cc1)[C@@]1(N=C(N)N(C)C1=O)c1cc(ccc1)-c1cccnc1,1
BACE_1396,Fc1cc(cnc1)-c1cc(ccc1)C1(N=C(N)[C@@H]2N1CCCC2)C,0
BACE_300,Fc1c2c(cc(F)c1)C(N=C2N)(C=1C=C(C)C(=O)N(C=1)CC)c1cc(ccc1)-c1cc(cnc1)C#CC,1
BACE_1318,S1(=O)(=O)N(C2(CC([NH+](CC2)Cc2ccc(NC(=O)C)cc2)C)CN1C)c1cc(F)ccc1,0
BACE_701,S1(=O)(=O)N(CCCC1)c1cc(cc(c1)/C(=N\OC)/C)C(=O)NC([C@@H](O)C[NH2+]Cc1cc(OC)ccc1)Cc1cc(F)cc(F)c1,1
BACE_1486,Brc1cc(ccc1O)CC1CS(=O)(=O)CC([NH2+]Cc2ccccc2)C1O,0
BACE_661,FC1(F)COC(=NC1(C)c1cc(NC(=O)c2ncc(OC(F)(F)C(F)F)cc2)ccc1F)N,1
BACE_1073,Fc1ncccc1-c1cc(ccc1)[C@]1([NH+]=C(N2C1=NCCC2)N)c1cc2OC(F)(F)Oc2cc1,0
BACE_1446,Clc1ccc(nc1)C(=O)Nc1cc(ccc1)[C@@]1(N=C(N)C(=O)N(C1)C)C,0
BACE_1042,Fc1ccc(cc1-c1cccnc1F)C1(N=C(N)N(C)C1=O)c1cc(C)c(OC)cc1,0
BACE_301,Fc1cc(cc(F)c1)CC(NC(=O)C(N1CCC(NC(=O)C)(C(CC)C)C1=O)CCc1ccccc1)C(O)C1[NH2+]CC(OCCC)C1,1
BACE_1012,S1(=O)(=O)N(CCCC1)c1cc(cc(c1)/C(=N\OCC(C)C)/C)C(=O)N[C@H]([C@@H](O)C[NH2+]Cc1cc(OC)ccc1)Cc1cc(F)cc(F)c1,0
BACE_391,s1ccnc1-c1cc(ccc1)CC(NC(=O)C(OC)OC)C(O)C[NH2+]C1CC2(Oc3ncc(cc13)CC(C)(C)C)CCC2,1
BACE_653,Fc1ccc(cc1-c1cncnc1)C1(N=C(N)N(C)C1=O)c1cn(nc1)CC,1
BACE_3,S1(=O)(=O)N(c2cc(cc3c2n(cc3CC)CC1)C(=O)N[C@H]([C@H](O)C[NH2+]Cc1cc(OC)ccc1)Cc1ccccc1)C,1
BACE_7,S(=O)(=O)(CCCCC)C[C@@H](NC(=O)c1cccnc1)C(=O)N[C@H]([C@H](O)C[NH2+]Cc1cc(ccc1)CC)Cc1cc(F)cc(F)c1,1
BACE_339,s1cc(nc1-c1cc(ccc1)CC(NC(=O)COC)C(O)C[NH2+]C1CC2(Oc3ncc(cc13)CC(C)(C)C)CCC2)C,1
BACE_742,O1c2c(cc(cc2)-c2cc(OC)ccc2)C2(N=C(N)N(C)C2=O)CC1(C)C,1
BACE_1359,S(=O)(=O)(N(C)c1cc(cc(c1)C(=O)NC(C(O)CC(OC)COCc1cc(OC)ccc1)COc1cc(F)cc(F)c1)C(=O)NC(C)c1ccccc1)C,0
BACE_1525,Clc1cc2nc(n(c2cc1)C(CC(C)C)CC(=O)NCc1ncccc1)N,0
BACE_242,s1cc(cc1C12N=C(N)N(C)C(=O)C1CN(C2)C(=O)c1ccccc1)-c1cc(ccc1)C#N,1
BACE_1165,Brc1cc(ccc1O)CC1CS(=O)(=O)CC([NH2+]Cc2cc(OC(C)C)ccc2)C1O,0
BACE_28,O1C[C@]2(N=C1N)c1cc(ccc1Oc1c2cc(OCC(C)C)cc1)-c1cncnc1,1
BACE_1122,Clc1cc(cc(Cl)c1NC(=O)C)CNC(=[NH2+])NC(=O)Cn1c2c(cccc2)cc1,0
BACE_1250,s1cc(cc1C(=O)CC)[C@]1(N=C(N)N(C)C1=O)c1cc(ccc1)-c1cccnc1F,0
BACE_1503,S(=O)(=O)(NCC(O)C(NC(=O)c1c2cccnc2n(c1)C(=O)N(CCCC)C)Cc1ccccc1)c1cc(OC)ccc1,0
BACE_669,Clc1cc(cc(Cl)c1NC(=O)C)CNC(=[NH2+])NC(=O)Cn1c2cc(ccc2cc1)C#N,1
BACE_1541,Clc1cc2nc([nH]c2cc1)N,0
BACE_871,Fc1cc(cc(F)c1)CC(NC(=O)C)C(O)C[NH2+]C1(CCC(OC)CC1)c1cc(ccc1)C(C)(C)C,0
BACE_655,s1cc(cc1)C1(N=C(N)N(C)C1=O)c1cc(ccc1)-c1cccnc1F,1
BACE_894,Clc1ccccc1-c1n(Cc2nc(N)c(NCCO)cc2)c(cc1)-c1ccc(OCCCCC)cc1,0
BACE_284,Fc1cc(cc(F)c1)CC(NC(=O)C(N1CCC(NC(=O)C)(C(CC)C)C1=O)CCc1ccccc1)C(O)C1[NH2+]CC(OCc2ncccc2)C1,1
BACE_26,S(=O)(=O)(N(C)c1cc(cc(c1)C(=O)N[C@@H](Cc1ccccc1)C[NH2+][C@H](C(=O)NCC(C)C)C)C(=O)N[C@H](C)c1ccc(F)cc1)C,1
BACE_365,s1ccnc1-c1cc(ccc1)CC(NC(=O)[C@@H](OC)C)C(O)C[NH2+]C1CC2(Oc3ncc(cc13)CC(C)(C)C)CCC2,1
BACE_603,S1(=O)(=O)N(CCCC1)c1cc(cc(c1)/C(=N\OCc1ccccc1)/C)C(=O)N[C@H]([C@@H](O)C[NH2+]Cc1cc(OC)ccc1)Cc1cc(F)cc(F)c1,1
BACE_48,Fc1cc(cc(F)c1)C[C@H](NC(=O)c1c2cc(ccc2n(c1)C(=O)N(CCCC)C)C#N)[C@H](O)C[NH2+]Cc1cc(OC)ccc1,1
BACE_108,S1(=O)(=O)C[C@@H](Cc2cc(C[C@@H]3N(CCC)C(OC3)=O)c(O)cc2)[C@H](O)[C@@H]([NH2+]Cc2cc(ccc2)C(C)C)C1,0
BACE_378,Clc1ccc(cc1)CC(NC(=O)C)C(O)C[NH2+]C1CC2(Oc3ncc(cc13)CC(C)(C)C)CCC2,1
BACE_56,S1(=O)(=O)N(c2cc(cc3N(CCN(CC1)c23)CC)C(=O)N[C@H]([C@H](O)C[NH2+]Cc1cc(OC)ccc1)Cc1ccccc1)C,1
BACE_852,S(=O)(=O)(N(C)c1cc(cc(c1)C(=O)N[C@H]([C@@H](O)C[NH2+]Cc1cc(OC)ccc1)Cc1cc(F)cc(F)c1)C(=O)C)C,0
BACE_240,Clc1cc(sc1C1(NC(=[NH2+])N(C)C(=O)C1)C)-c1cc(cnc1)C#CC,1
BACE_122,Clc1cc(-c2cc3c(Oc4c(cc(OC)cc4)[C@@]34N=C(OC4)N)cc2)c(F)cc1,0
BACE_914,Fc1cc(cc(F)c1)C[C@H](NC(=O)C)[C@H](O)C[NH2+]C(C)(C)c1cc(ccc1)C(C)(C)C,0
BACE_776,Fc1ncccc1-c1cc(ccc1)C1([NH+]=C(N2C1=NCCCC2)N)c1ccc(OC(F)(F)F)cc1,1
BACE_73,Fc1cc(cc(F)c1)C[C@H](NC(=O)C)[C@H](O)C[NH2+]C1(CCCCC1)c1cc(ccc1)C(C)(C)C,1
BACE_1149,Fc1cc(cc(F)c1)CC(NC(=O)C)C(O)C[NH2+]C1(CCCN(C1)C(=O)C)c1cc(ccc1)C(C)(C)C,0
BACE_1346,S(CC)c1cc(ccc1)-c1ccc(cc1)C1CC1C=1N=C(N)N(C)C(=O)C=1,0
BACE_46,O1CCCCNc2cc(cc(c2)C(=O)N[C@@H](Cc2cc1ccc2)[C@H](O)C[NH2+]C1(CC1)c1cc(ccc1)C(C)C)COC,1
BACE_1309,S(=O)(=O)(N(C)c1cc(cc(c1)CNC(=O)C([NH3+])(Cc1ccccc1)C)C(=O)NC(C)c1ccc(F)cc1)C,0
BACE_554,S1(=O)(=O)N(c2c(CCC1)c(NCC)cc(c2)C(=O)NC(Cc1ccccc1)C(O)C[NH2+]CCC(F)(F)F)C,1
BACE_1306,O=C([O-])C(NC1=NC(Cc2c1ccc(c2)C)(C)C)Cc1ccccc1,0
BACE_1512,S1(=O)CC(Cc2cc(OC(COC)C(F)(F)F)c(N)c(F)c2)C(O)C([NH3+])C1,0
BACE_1209,S1CC(N=C(N)C1)(C)c1cc(ccc1)-c1cc(OC)ccc1,0
BACE_1526,Clc1cc2nc(n(c2cc1)C(CC(=O)NCC1CC1)CC)N,0
BACE_564,O=C(NCC1CCCCC1)C(Cc1cc2cc(ccc2nc1N)-c1ccccc1C)C(C)C,1
BACE_1179,Fc1cc(cc(F)c1)CC(NC(=O)C)C(O)C[NH2+]C1(CCCCC1)c1cc(-n2ccnc2)ccc1,0
BACE_634,Fc1ccc(cc1-c1cccnc1)C1(N=C(N2C1=NCC(F)(F)C2)N)c1cc(C)c(OC)cc1,1
BACE_495,Fc1ncccc1-c1cc(ccc1)C1(N=C(N)N(C)C1=O)c1cc(C)c(OC)cc1,1
BACE_859,O=C1N(C)C(=NC1(c1cc(ccc1)-c1ccccc1)c1ccncc1)N,0
BACE_1323,O=C(N[C@@H](Cc1ccccc1)C(=O)N[C@H]([C@@H](O)C[C@H](C(=O)NCC(C)C)C)CC(C)C)c1ccccc1,0
BACE_819,o1cccc1C(=O)Nc1cc(ccc1)C1(N=C(N)N(C)C1=O)C1CCCCC1,1
BACE_1417,S(=O)(=O)(N(C)c1cc(cc(c1)C(OCC(O)(Cc1ccccc1)C[NH3+])=O)C(=O)NC(C)c1ccc(F)cc1)C,0
BACE_61,Fc1ccc(NC(=O)c2ncc(cc2)C#N)cc1[C@]1(N=C(OC[C@@H]1F)N)C,1
BACE_931,S1(=O)CC(Cc2cc(OC(COC)C(F)(F)F)c(N)c(F)c2)C(O)C([NH2+]Cc2nccc(c2)C(C)(C)C)C1,0
BACE_93,O1C[C@H](NC(=O)c2cc(cc(c2)[C@@H](O)[NH2+][C@H](C\C=C\C1)c1ccccc1)C)[C@H](O)C[NH2+]Cc1cc(ccc1)C(C)C,1
BACE_697,O=C(NCc1nccnc1)C(Cc1cc2cc(ccc2nc1N)-c1ccccc1C)C,1
BACE_746,O=C1N(C)C(=NC1(c1cc(ccc1)-c1cncnc1)c1cc(ncc1)C(C)C)N,1
BACE_196,Fc1ccc(cc1)CC1CC[NH2+]CC1,0
BACE_308,S1(=O)(=O)N(c2cc(cc3n(cc(CC1)c23)CC)C(=O)NC([C@H](O)C[NH2+]CCC(F)(F)F)Cc1ccccc1)C,1
BACE_727,Fc1cc(cc(F)c1)CC(NC(=O)C)C(O)C[NH2+]C1(CCOCC1)c1cc(ccc1)C(C)(C)C,1
BACE_388,s1ccnc1-c1cc(CC(NC(=O)COC)C(O)C[NH2+]C2CC3(Oc4ncc(cc24)CC(C)(C)C)CCC3)c(F)cc1,1
BACE_550,S1(=O)(=O)CC(Cc2cc(OC3COC3)c(N)c(F)c2)C(O)C([NH2+]Cc2cc(ccc2)C(C)(C)C)C1,1
BACE_1153,Fc1cc(cc(F)c1)C[C@H](NC(=O)C)[C@H](O)C[NH2+]Cc1cc(ccc1)C(C)(C)C,0
BACE_850,Clc1ccc(nc1)C(=O)Nc1cc(C2(Oc3c(cccc3)C(=N2)N)C)c(F)cc1,0
BACE_184,O=C1N(Cc2ccc(cc2)CNC(=O)NCCCC)C(N[C@@]1(CC(C)C)C)=N,0
BACE_1068,Fc1cc(cc(F)c1)CC(NC(=O)C)C(O)C[NH2+]C1(CCCCC1)c1cc(N2CCCOCC2)ccc1,0
BACE_112,O=C1N(CCC1)c1cc(cc(NCC)c1)C(=O)N[C@H]([C@H](O)C[NH2+]C1CCCCC1)Cc1ccccc1,0
BACE_43,S(=O)(=O)(N(C)c1cc(cc(c1)C(=O)N[C@H]([C@H](O)C[NH2+]C1CC1)Cc1ccccc1)C(=O)N[C@H](C)c1ccccc1)C,1
BACE_1222,O=C(NCC)c1ccc(cc1)-c1n(Cc2nc(N)ccc2)c(cc1)-c1ccccc1,0
BACE_231,OC(C(NC(=O)C(NC(=O)C(NC(=O)C(NC(=O)C(NC(=O)C(NC(=O)C([NH3+])Cc1c2c([nH]c1)cccc2)Cc1c2c([nH]c1)cccc2)CO)CCC(=O)[O-])C(C)C)CC(=O)N)CC(C)C)CC(C(=O)NC(C(=O)NC(CCC(=O)[O-])C(=O)NC(Cc1ccccc1)C(=O)[O-])C)C,1
BACE_983,S(=O)(=O)(N(C)c1cc(cc(c1)COCC([NH3+])(Cc1ccccc1)C)C(=O)NC(C)c1ccc(F)cc1)C,0
BACE_53,O(C)c1cc(ccc1)C[NH2+]C[C@@H](O)[C@@H](NC(=O)c1cc(N2CCCC2=O)c2c(n(cc2)CC)c1)CC=1CCC=CC=1,1
BACE_576,Clc1nc2c(cc1)C1(CCC2)C[NH2+]CC1C(=O)N1CCC(CC1C1CCCCC1)c1ccccc1,1
BACE_1038,FC(F)Oc1ccc(cc1)[C@@]1(N=C(N)N(C)C1=O)c1cc(ccc1)/C(/F)=C/C1CC1,0
BACE_940,Fc1c2c(ccc1)C(N=C2N)(c1cc(ccc1)-c1cncnc1)c1cc(ncc1)C(F)(F)F,0
BACE_901,Brc1cc(cc(c1)C(C)(C)C)C1([NH2+]CC(O)C(NC(=O)C)Cc2cc(F)cc(F)c2)CCCCC1,0
BACE_922,S(=O)(=O)(N(c1cc(ccc1)C(=O)NC(Cc1ccccc1)C(O)C[NH2+]Cc1cc(ccc1)C(F)(F)F)c1ccncc1)C,0
BACE_185,O=C1Nc2c(cccc2)[C@]12C[C@@H]([NH2+]C2)C(OCc1ccccc1)=O,0
BACE_139,s1c2c(nc1C)C(=[NH+][C@@]2(c1cc(ccc1)-c1cncnc1)c1ccc(OC)cc1)N,0
BACE_1017,Clc1cc2CC(N=C(NC(Cc3cscc3-c3cn[nH]c3)C(=O)[O-])c2cc1)(C)C,0
BACE_81,O=C1N(CC[C@]12[N@H+](CCC2)CCC)[C@H](C(=O)N[C@H]([C@H](O)C[NH2+]Cc1cc(ccc1)C(C)C)Cc1ccccc1)C,1
BACE_1256,S1(=O)(=O)N(C2(CC([NH+](CC2)Cc2cc(OC(C)C)ccc2)C)CN1c1cccnc1)c1cc(F)ccc1,0
BACE_107,O=C(N1CC[C@H](C[C@H]1c1ccccc1)c1ccccc1)[C@@H]1C[NH2+]C[C@]12CCCc1c2cccc1,0
BACE_572,FC(F)Oc1cc(ccc1)-c1cc2c(OC(CC23N=C(N)N(C)C3=O)(C)C)cc1,1
BACE_1395,O=C(N[C@@H](Cc1ccccc1)C(=O)N[C@H]([C@@H](O)C[C@H](C(=O)NCC(C)C)C)CC(C)C)c1ccc([N+](=O)[O-])cc1,0
BACE_511,Fc1ccc(cc1C#CCF)[C@]1(N=C(N)N(C)C1=O)c1cc(C)c(OC(F)F)cc1,1
BACE_167,Clc1cc2nc(n(c2cc1)[C@H](CC(=O)NC1C2CC3CC1CC(C2)C3)CC)N,0
BACE_276,O=C(NCCC(C)(C)C)C(Cc1cc2cc(ccc2nc1N)-c1ccccc1C)C,1
BACE_335,Fc1cc(cc(F)c1)CC(NC(=O)C(N1CCC(C(O)CCC)C1=O)CCc1ccccc1)C(O)C[NH2+]Cc1cc(OC)ccc1,1
BACE_476,S(=O)(=O)(N(C)c1cc2cc(c1)C(=O)NCCCCCCOCC(NC2=O)C(O)C[NH2+]Cc1cc(ccc1)C(C)C)C,1
BACE_787,s1ccnc1NC1CCC([NH2+]CC(O)C(NC(=O)C)Cc2cc(F)cc(F)c2)(CC1)c1cc(ccc1)C(C)(C)C,1
BACE_363,S1(=O)(=O)CC(Cc2cc(OC(C(F)(F)F)C(F)(F)F)c(N)c(F)c2)C(O)C([NH2+]Cc2noc(c2)CC(C)(C)C)C1,1
BACE_99,Clc1ccc(nc1)C(=O)Nc1cc([C@]2([NH+]=C(N)[C@@H]3[C@H](C2)C3)C)c(F)cc1,1
BACE_1529,Clc1cc2CC(N=C(NC(Cc3ccccc3)c3nc(ccn3)C)c2cc1)(C)C,0
BACE_769,S1(=O)(=O)CC(Cc2cc(CC(OC)C(F)(F)F)c(N)c(F)c2)C(O)C([NH2+]Cc2cc(ccc2)C(C)(C)C)C1,1
BACE_1090,Fc1cc(cc(F)c1)CC(NC(=O)C)C(O)C[NH2+]C1(CCCCC1)c1cc(ccc1)CC(C)C,0
BACE_1483,Clc1cc2nc(n(c2cc1)CCCC(=O)N(CC1CCCCC1)C)N,0
BACE_104,Fc1cc(cc(F)c1)C[C@H](NC(=O)c1cc(cc(c1)C)C(=O)N(CCC)CCC)[C@H](O)[C@@H]1[NH2+]CC[N@@H+](C1)Cc1ccccc1,0
BACE_464,Fc1ncccc1-c1cc(ccc1)C1(N=C(N)N(C)C1=O)c1cn(nc1)CCC(C)C,1
BACE_75,O(C(C)(C)C)C(=O)N[C@@H](C(C)C)C(=O)N([C@@H](CCC(=O)N)C(=O)N[C@H]([C@@H](O)CC(=O)N[C@@H](CC(C)C)C(=O)N[C@H](C(=O)N([C@H](Cc1ccccc1)C(=O)N1CCC[C@@H]1C(OC)=O)C)C)Cc1ccccc1)C,1
BACE_1387,Clc1cc(cc(F)c1)-c1cc(ccc1)C12N=C(OC1COCC2)N,0
BACE_921,O=C1N(C)C(=N[C@]1(C1CCCCC1)c1cc(NC(=O)COC)ccc1)N,0
BACE_1406,O=C(N1CCC(CC1)c1ccccc1)C1C[NH2+]CC1c1ccccc1,0
BACE_330,S1(=O)(=O)N(c2cc(cc3n(cc(CC1)c23)CC)C(=O)NC([C@H](O)CNc1ccccc1)Cc1ccccc1)C,1
BACE_1461,O(C)c1cc(ccc1)C[NH2+]CC(O)C(NC(=O)c1c2c(n(c1)CCCC)cccc2)Cc1ccccc1,0
BACE_1267,S(=O)(=O)(N(c1cc(C(=O)NC(Cc2ccccc2)C(O)C[NH2+]Cc2cc(ccc2)C(F)(F)F)c(cc1)C)c1ccccc1)C,0
BACE_794,O=C(NCc1cccnc1)C(Cc1cc2cc(ccc2nc1N)-c1ccccc1C)C,1
BACE_765,Fc1cc(cc(F)c1)CC(NC(=O)C(N1CCC(C(C)C)C1=O)CCc1ccccc1)C(O)C[NH2+]Cc1cc(OC)ccc1,1
BACE_417,S1(=O)CC(Cc2cc(OC(COC)C(F)(F)F)c(N)c(F)c2)C(O)C([NH2+]Cc2cc(ccc2F)C(C)(C)C)C1,1
BACE_262,O(c1cc2CN(C(CCC(=O)N(C)C3CCCCC3)C3CCCCC3)C(=[NH+]c2cc1)N)c1ccccc1,1
BACE_1368,S1(=O)(=O)CC(Cc2cc(OC(C(F)(F)F)C(F)(F)F)c(N)c(F)c2)C(O)C([NH2+]CC2CC2OC(C)(C)C)C1,0
BACE_295,FC(F)(F)c1cc(ccc1)CC(NC(=O)C)C(O)C[NH2+]C1CC2(Oc3ncc(cc13)CC(C)(C)C)CCC2,1
BACE_333,S(=O)(=O)(N(c1cc(cc(c1)C(=O)NC(Cc1ccccc1)C(O)C[NH2+]Cc1cc(ccc1)C(F)(F)F)C(C)C)c1ccccc1)C,1
BACE_857,Fc1ncccc1-c1cc(ccc1)[C@]1([NH+]=C(N2C1=NCCCCC2)N)c1ccc(OC(F)(F)F)cc1,0
BACE_119,O(C)c1cc(ccc1)-c1cc(ccc1)CC[C@]1(N=C(N)N(C)C(=O)C1)C,0
BACE_1255,S(=O)(=O)(N(C)c1cc2cc(c1)C(=O)NC(COCc1cc(ccc1)C(NC2=O)c1ccc(OC)cc1)C(O)CC(C(C)C)C(=O)NCC(C)C)C,0
BACE_705,Fc1cc(cc(F)c1)CC(NC(=O)c1cc(cc(c1)/C(=N\OCC(C)C)/C)C(=O)N(CCC)CCC)C(O)C[NH2+]Cc1cc(OC)ccc1,1
BACE_277,Fc1cc(cc(F)c1)CC(NC(=O)C(N1CCC(NC(=O)C)(C(CC)C)C1=O)CCc1ccccc1)C(O)C1[NH2+]CC(O)C1,1
BACE_1134,S1(=O)(=O)N(C2(CC([NH+](CC2)Cc2cc3c([nH]nc3CC)cc2)C)CN1C)c1cc(F)ccc1,0
BACE_1440,Fc1cc(NC[C@@H](O)[C@@H](NC(=O)C2=CN(CC(OC(C)C)=O)C(C)=C(C(=O)C)[C@H]2C)Cc2ccccc2)ccc1,0
BACE_72,Clc1cc(cc(Cl)c1NC(=O)C)CNC(NC(=O)Cn1c2cc(ccc2cc1)C#N)=N,1
BACE_95,O=C1N(C)C(=N[C@@]1(c1cc(ccc1)-c1cncnc1)c1cn(nc1)CC)N,1
BACE_892,Fc1cc(cc(F)c1)CC(NC(=O)C(N1CCC(C(C)C)C1=O)C)C(O)C1[NH2+]CC(OCCC)C1,0
BACE_34,O=C(NCC1CCCCC1)[C@@H](Cc1cc2cc(ccc2nc1N)-c1ccccc1C)CCC,1
BACE_1388,O(CCC)c1cc(ccc1)-c1ccc(cc1)C1CC1C=1N=C(N)N(C)C(=O)C=1,0
BACE_478,S1(=O)CC(Cc2cc(OC(COC)C(F)(F)F)c(N)c(F)c2)C(O)C([NH2+]Cc2cc(ccc2)C(C)C)C1,1
BACE_475,S(=O)(=O)(N(c1cc(ccc1)C(=O)NC(Cc1ccccc1)C(O)C[NH2+]C(C(=O)NC1CCCCC1)C)c1cc(OC)ccc1)C,1
BACE_803,s1cc(cc1)C1(N=C(N)N(C)C1=O)c1cc(-c2cccnc2)c(F)cc1,1
BACE_748,Clc1ccccc1-c1n(Cc2nc(N)c(NCCO)cc2)c(cc1)-c1ccc(Oc2cncnc2)cc1,1
BACE_932,Fc1cc(cc(F)c1)C[C@H](NC(=O)C)[C@H](O)C[NH2+]C1(CC1)c1cc(ccc1)C(C(F)F)(C)C,0
BACE_1349,s1cc(nc1C1([NH2+]CC(O)C(NC(=O)C)Cc2cc(F)cc(F)c2)CC1)CC(C)(C)C,0
BACE_1279,O=C(N1CCC(CC1)c1ccccc1)C1C[NH2+]CC12CCCc1c2cccc1,0
BACE_1075,Fc1cc(cc(F)c1)CC(NC(=O)C)C(O)C[NH2+]C1(CCCCC1)c1cc(N2CCCOCC2=O)ccc1,0
BACE_78,Fc1ccc(NC(=O)c2ncc(cc2)C#N)cc1[C@]1(N=C(OCC1)N)C,1
BACE_85,O=C1N(C)C(=N[C@@]1(c1cc(ccc1)-c1cccnc1)c1ccncc1)N,1
BACE_879,Fc1cc(cnc1)-c1cc2c(OC(CC23N=C(N)N(C)C3=O)(C)C)cc1,0
BACE_83,S(=O)(=O)(N(C)c1cc(cc(c1)C(=O)N[C@H]([C@@H](O)CC(=O)N[C@@H](CC(C)C)C(=O)N[C@H](C(=O)N([C@H](Cc1ccccc1)C(=O)N1CCC[C@H]1C(OC)=O)C)C)Cc1ccccc1)C(=O)N[C@H](C)c1ccccc1)C,1
BACE_487,S1(=O)CC(Cc2cc(OC(COC)C(F)(F)F)c(N)c(F)c2)C(O)C([NH2+]Cc2noc(c2)CC(C)(C)C)C1,1
BACE_964,FC1(F)COC(=NC1(C)c1cc(NC(=O)c2ncccc2)ccc1F)N,0
BACE_708,S1(=O)(=O)CC(Cc2cc(OCCC)c(N)c(F)c2)C(O)C([NH2+]Cc2cc(ccc2)C(C)(C)C)C1,1
BACE_1030,Fc1cc(cc(F)c1)CC(NC(=O)C)C(O)C[NH2+]C1(CCC(Nc2cccnc2)CC1)c1cc(ccc1)C(C)(C)C,0
BACE_1117,S1(=O)(=O)CC(Cc2cc(CCO)c(O)cc2)C(O)C([NH2+]Cc2cc(ccc2)C(C)C)C1,0
BACE_466,S(=O)(=O)(N(C)c1cc2cc(c1)C(=O)NCCCCCOCC(NC2=O)C(O)C[NH2+]Cc1cc(ccc1)C(C)C)C,1
BACE_802,FC(F)Oc1ccc(cc1)[C@@]1(N=C(N)N(C)C1=O)c1cc(ccc1)\C=C\C1CC1,1
BACE_675,Clc1ccc(nc1)C(=O)Nc1cc(C2(N=C(N)CCOC2)C)c(F)cc1,1
BACE_867,Fc1c2c(ccc1)C(N=C2N)(c1cc(ccc1)-c1cncnc1)c1ccc(OC)cc1,0
BACE_951,n1cc(ccc1)-c1cc(ccc1)C1(N=C(N2C1=NCCC2)N)c1ccncc1,0
BACE_1237,OC(C(NC(=O)C1CC(CCC1)C1(NC(=O)C)CCCC1)Cc1ccccc1)CC(C(=O)NCCCC)C,0
BACE_433,Clc1ccc(nc1)C(=O)Nc1cc(C2(N=C(N)N(CC2)C)C)c(F)cc1,1
BACE_1350,S(=O)(=O)(N1C(C)=C(C(=O)N[C@H]([C@H](O)C[NH2+]C2CC2)Cc2ccccc2)[C@@H](CC)C(C(=O)NOCc2ccccc2)=C1C)C,0
BACE_979,FC(F)Oc1ccc(cc1)[C@@]1(N=C(N)N(C)C1=O)c1cc(ccc1)C#CC1CCCCC1,0
BACE_1037,S1(=O)CC(Cc2cc(O)c(N)c(F)c2)C(O)C([NH2+]Cc2cc(ccc2)C(C)(C)C)C1,0
BACE_106,S1(=O)(=O)C[C@@H](Cc2cc(F)c3NCC4(CCC(F)(F)CC4)c3c2)[C@H](O)[C@@H]([NH2+]Cc2cc(ccc2)C(C)(C)C)C1,0
BACE_640,S1(=O)(=O)N(c2cc(cc3n(cc(CC1)c23)CC)C(=O)NC([C@H](O)C[NH2+]CCF)Cc1ccccc1)C,1
BACE_876,Fc1cc(cc(F)c1)CC(NC(=O)C(N1CCC(NC(=O)C)(C(CC)C)C1=O)CCc1ccccc1)[C@H](O)[C@H]1[NH2+]Cc2c(C1)cccc2OC,0
BACE_720,Fc1cc(cc(F)c1)-c1cc(ccc1)C1(N=C(N)N(C)C1=O)c1ccncc1,1
BACE_1474,Fc1ncccc1-c1cc(ccc1)C12N=C(OC1CCCC2)N,0
BACE_977,Fc1cc(cc(F)c1)CC(NC(=O)C)C(O)C[NH2+]C1(CCCN(C1)C(=O)N)c1cc(ccc1)C(C)(C)C,0
BACE_63,O=C1N(CCC1)c1cc(cc(NCC)c1)C(=O)N[C@H]([C@H](O)C[NH2+]C(CCCC(C)C)(C)C)Cc1ccccc1,1
BACE_309,S(=O)(=O)(N(c1cc(cc(OCC)c1)C(=O)NC(Cc1ccccc1)C(O)C[NH2+]Cc1cc(ccc1)C(F)(F)F)c1ccccc1)C,1
BACE_810,S(=O)(=O)(Nc1cc(cc(c1)C(C)(C)C)C1([NH2+]CC(O)C(NC(=O)C)Cc2cc(F)cc(F)c2)CCCCC1)C,1
BACE_1057,Brc1cc(ccc1)CC1CS(=O)(=O)CC([NH2+]Cc2cc(ccc2)C(C)(C)C)C1O,0
BACE_265,n1c2c(cc(cc2)-c2ccccc2C#CC(C)(C)C)ccc1N,1
BACE_250,S(=O)(=O)(N(C)c1cc(cc(c1)C(=O)NC(Cc1ccccc1)C[NH2+]C(C(O)C)C(=O)NCC(C)C)C(=O)NC(C)c1ccccc1)C,1
BACE_147,S(Oc1cc(cc(OCC(=O)NCCCCC[NH3+])c1)C(=O)N[C@H](C)c1ccc(F)cc1)(=O)(=O)Cc1ccccc1,0
BACE_1477,S(=O)(=O)(Cc1ccccc1)c1cc(ccc1)C(=O)NC(Cc1ccccc1)C(O)C[NH2+]C(C(=O)NC1CCCCC1)C,0
BACE_402,Fc1ncccc1-c1cc(ccc1)[C@]1(N=C(N)N(C)C1=O)c1ccc(OC(F)F)cc1,1
BACE_1272,FC(F)(F)c1ccc(cc1)\C=C\C(=O)N[C@@H](Cc1ccc([N+](=O)[O-])cc1)C(=O)N[C@H]([C@@H](O)C[C@H](C(=O)NCC(C)C)C)CC(C)C,0
BACE_120,S(=O)(=O)(N(C)c1cc(cc(c1)C(OC[C@]([NH3+])(Cc1ccccc1)CO)=O)C(=O)N[C@H](C)c1ccc(F)cc1)C,0
BACE_1360,S(=O)(=O)(N(C)c1cc(cc(c1)C(=O)NC(C(O)CC(OC)C[NH2+]Cc1ccccc1)COc1cc(F)cc(F)c1)C(=O)NC(C)c1ccccc1)C,0
BACE_278,Fc1cc(ccc1C)CC(NC(=O)C)C(O)C[NH2+]C1CC2(Oc3ncc(cc13)CC(C)(C)C)CCC2,1
BACE_1491,Clc1cc2nc(n(c2cc1)C(CC(=O)NC(C(OC)=O)COC(C)(C)C)CC)N,0
BACE_1252,s1cc(nc1CC(C)(C)C)C1([NH2+]CC(O)C(NC(=O)C)Cc2cc(F)cc(F)c2)CC1,0
BACE_937,s1cc(cc1)-c1cc(ccc1)C1(N=C(N)N(C)C1=O)c1ccncc1,0
BACE_10,O=C1N(CCCC1)C(C)(C)[C@@H]1C[C@@H](CCC1)C(=O)N[C@H]([C@H](O)C[NH2+]Cc1cc(ccc1)C(C)C)Cc1ccccc1,1
BACE_479,O1c2ncc(cc2C([NH2+]CC(O)C(NC(=O)C)Cc2cc(OC)c(OC)cc2)CC12CCC2)CC(C)(C)C,1
BACE_1484,o1cccc1-c1ccc(cc1)C1CC1C=1N=C(N)N(C)C(=O)C=1,0
BACE_740,Fc1cc(cc(F)c1)CC(NC(=O)C(N1CCC(C(O)CCC)C1=O)C)C(O)C[NH2+]Cc1cc(OC)ccc1,1
BACE_283,Fc1cc(cc(F)c1)CC(NC(=O)C(N1CCC(NC(=O)C)(C(CC)C)C1=O)CCc1ccccc1)C(O)C1[NH2+]CC(OCc2cccnc2)C1,1
BACE_624,Fc1cc(cc(F)c1)CC(NC(=O)C(N1CCC(CC(C)C)C1=O)C)C(O)C1[NH2+]CC(OCCC)C1,1
BACE_418,Fc1ccc(cc1C(F)(F)F)CC(NC(=O)C)C(O)C[NH2+]C1CC2(Oc3ncc(cc13)CC(C)(C)C)CCC2,1
BACE_1003,O=C(NCCC(C)(C)C)C(Cc1cc2cc(ccc2nc1N)-c1ncccc1C#N)C,0
BACE_1244,O1c2c(cc(cc2)-c2cc(OC(C)C)ccc2)C2(N=C(N)N(C)C2=O)CC1(C)C,0
BACE_588,FC(F)COc1cc(ccc1)[C@]1(N=C(N)N(C)C1=O)c1ccc(OC(F)F)cc1,1
BACE_1333,O=C1N(C)C(=NC1(C1CCCCC1)c1cc(NC(=O)CCOC)ccc1)N,0
BACE_1238,Clc1cc2CC(N=C(NC(Cc3ccccc3)C=3NC(=O)C=CN=3)c2cc1)(C)C,0
BACE_490,S1(=O)(=O)N(c2cc(cc3n(cc(CC1)c23)CC)C(=O)NC([C@H](O)C[NH2+]CC(F)F)Cc1ccccc1)C,1
BACE_755,Brc1cc2c(cc1)C1(CCC2)C[NH2+]CC1C(=O)N1CCC(CC1c1ccccc1)c1ccccc1,1
BACE_1428,O=C1N(C)C(=NC(=C1)C1CC1c1ccc(cc1)-c1ccccc1)N,0
BACE_146,Brc1cc(cc(F)c1N)C[C@@H]1CS(=O)(=O)C[C@H]([NH2+]Cc2cc(ccc2)C(F)(F)C)[C@H]1O,0
BACE_532,FC(F)(F)c1cc(ccc1)C[NH2+]CC(O)C(NC(=O)c1cc(N2CCCC2=O)c2c(n(cc2)CC)c1)Cc1ccccc1,1
BACE_1140,Fc1cc(cc(F)c1)CC(NC(=O)c1c2cccnc2n(c1)C(=O)N(CCCC)C)C(O)C1[NH2+]Cc2c(C1)cccc2,0
BACE_771,S1(=O)(=O)N(c2cc(cc3n(cc(CC1)c23)CC)C(=O)NC([C@H](O)C[NH2+]CC(F)(F)F)Cc1ccccc1)C,1
BACE_1431,O(C)c1cc(NC[C@@H](O)[C@@H](NC(=O)C=2[C@H](CCC)C(C(=O)C)=C(N(CC(OC(C)C)=O)C=2C)C)Cc2ccccc2)ccc1,0
BACE_763,S(=O)(=O)(N(C)c1cc(ccc1)C(=O)N[C@H]([C@@H](O)C[NH2+]Cc1cc(OC)ccc1)Cc1cc(F)cc(F)c1)C,1
BACE_570,S1(=O)(=O)CC(Cc2cc(-c3n[nH]cc3)c(N)c(F)c2)C(O)C([NH2+]Cc2cc(ccc2)C(C)(C)C)C1,1
BACE_179,Brc1cc2c(OC(C[C@@]23N=C(N)N(C)C3=O)(C)C)cc1,0
BACE_1546,O=C1N(C)C(=NC(=C1)C1CC1c1cc(ccc1)-c1ccccc1)N,0
BACE_729,Oc1ccc(cc1-c1cc(cnc1)C#CC)C1(N=C(C)C(=N1)N)C1CC1,1
BACE_1006,S(=O)(=O)(NC1CCC([NH2+]CC(O)C(NC(=O)C)Cc2cc(F)cc(F)c2)(CC1)c1cc(ccc1)C(C)(C)C)C,0
BACE_1265,O=C(NC1CCC1)c1ccc(cc1)-c1n(Cc2nc(N)ccc2)c(cc1)-c1ccccc1,0
BACE_920,Fc1cc(cc(F)c1)CC(NC(=O)C)C(O)C[NH2+]C1(CCC(NC=O)CC1)c1cc(ccc1)C(C)(C)C,0
BACE_1124,O1CCCC1CN1C(=O)C(N=C1N)(C1CCCCC1)c1ccccc1,0
BACE_1540,Clc1cc2nc(n(c2cc1)C(CC(=O)NC(C)C)CC)N,0
BACE_8,Fc1c2c(ccc1)[C@@]([NH+]=C2N)(C=1C=C(C)C(=O)N(C=1)CC)c1cc(ccc1)-c1cc(cnc1)C#CC,1
BACE_907,S(=O)(=O)(N(C)c1cc2cc(c1)C(=O)NCCC\C=C\COCC(NC2=O)C(O)C[NH2+]Cc1cc(ccc1)C(C)C)C,0
BACE_699,Fc1ncccc1-c1cc(ccc1)C1(N=C(N)N(C)C1=O)c1cn(nc1)CCF,1
BACE_1203,S(=O)(=O)(N(C)c1cc2cc(c1)C(=O)NC(c1cc(COCC(NC2=O)C(O)CC(C(C)C)C(=O)NCC(C)C)ccc1)CCCOC)C,0
BACE_386,s1ccnc1-c1cc(ccc1)CC(NC(=O)[C@H]1OCCC1)C(O)C[NH2+]C1CC2(Oc3ncc(cc13)CC(C)(C)C)CCC2,1
BACE_815,O(C)c1ccc(cc1C)C1(N=C(C)C(=N1)N)c1cc(ccc1)-c1cncnc1,1
BACE_767,Fc1ccccc1C(=O)NC(Cc1cc2OCOc2cc1)C(O)C[NH2+]C1CC2(Oc3ncc(cc13)CC(C)(C)C)CCC2,1
BACE_358,Fc1cc(cc(F)c1)CC(NC(=O)C)C(O)C[NH2+]C1CC2(Oc3ncc(cc13)CC(C)(C)C)CCC2,1
BACE_1207,Clc1cc(cnc1)-c1cc2c(CC(CC23N=C(SC3)N)(C)C)cc1,0
BACE_1269,S(=O)(=O)(N(C)c1cc(cc(c1)C(=O)NC(C(O)CC(C(=O)NC(C(C)C)C(=O)NCc1ccc(F)cc1)C)COCc1cc(F)cc(F)c1)C(=O)NC(C)c1ccccc1)C,0
BACE_1284,s1c(ccc1C(C)C)C1([NH2+]CC(O)C(NC(=O)C)Cc2cc(F)cc(F)c2)CCCCC1,0
BACE_286,Fc1cc(cc(c1)C#C)CC(NC(=O)COC)C(O)C[NH2+]C1CC2(Oc3ncc(cc13)CC(C)(C)C)CCC2,1
BACE_1218,O(C)c1ccc(cc1)C1(N=C(C(C)C)C(=N1)N)c1cc(ccc1)-c1cncnc1,0
BACE_401,Clc1ccc(N(S(=O)(=O)C)c2cc(ccc2)C(=O)NC(Cc2ccccc2)C(O)C[NH2+]C(C(=O)NC2CCCCC2)C)cc1,1
BACE_1145,S(=O)(=O)(N(C)c1cc(cc(c1)C(=O)NC)C(=O)NC(C(O)CC(C(=O)NC(C(C)C)C(=O)NCc1ccccc1)C)COCc1cc(F)cc(F)c1)C,0
BACE_971,Clc1cc(cnc1)-c1cc(ccc1)C1(N=C(C)C(=N1)N)C1CC1,0
BACE_144,Clc1cc(cc(Cl)c1NC(=O)C)C\N=C(\NC(=O)Cn1c2c(cccc2)cc1)/N,0
BACE_556,Fc1cc(cc(F)c1)C[C@H](NC(=O)c1c2cccnc2n(c1)C(=O)N1CCCC[C@@H]1COCC)[C@H](O)C[NH2+]Cc1cc(OC)ccc1,1
BACE_1329,O1CC(N=C1N)(c1cc(ccc1)-c1cccnc1)c1ccc(OC)cc1,0
BACE_1260,Clc1ccc(nc1)C(=O)Nc1cc(ccc1)C12N=C(OC1COCC2)N,0
BACE_1543,Clc1cc2nc(n(c2cc1)C(CC(=O)NCC1CCOCC1)CC)N,0
BACE_1470,O(C)c1ccc(cc1C)[C@]1(N=C(N)N(C)C1=O)C12CC3CC(C1)CC(C2)C3,0
BACE_470,Fc1cc(cc(F)c1)CC(NC(=O)C(N1CCC(NC(=O)C)(C(CC)C)C1=O)CCc1ccccc1)C(O)C1[NH2+]Cc2c(C1)cccc2OCCC,1
BACE_562,S(c1cc(cc(c1)C(=O)NC(Cc1cc(F)cc(F)c1)C(O)C[NH2+]Cc1cc(OC)ccc1)C(=O)N(CCC)CCC)c1ccc(OC)cc1,1
BACE_1245,Clc1cc2CC(N=C(NC(Cc3ccsc3)C(=O)[O-])c2cc1)(C)C,0
BACE_253,Fc1c2c(ccc1)C([NH+]=C2N)(c1cc(ccc1)-c1cncnc1)c1cc(ncc1)C(F)F,1
BACE_1076,Clc1cc2CC(N=C(NC(Cc3ccccc3)C=3NC(ON=3)=O)c2cc1)(C)C,0
BACE_255,s1cc(cc1C1(N=C(N)N(C)C(=O)C1)C)-c1cc(ccc1)C#N,1
BACE_1325,O=C1N(CC(=NC1(C)c1cc(NC(=O)c2ncc(nc2)C)ccc1)N)C,0
BACE_1343,Clc1cc(cc(Cl)c1)CNC(=[NH2+])NC(=O)Cn1c2c(cccc2)cc1,0
BACE_239,S(=O)(=O)(N(C)c1cc(cc(c1)C(=O)NC(C(O)CC(C(=O)NC(C(C)C)C(=O)NC(C)C)C)CC(C)C)C(=O)NC(C)c1ccccc1)C,1
BACE_918,FC(F)(F)Oc1ccc(cc1)[C@@]1([NH+]=C(N2C1=NCCC2)N)c1cc(ccc1)CCC1CC1,0
BACE_80,Fc1ccc(NC(=O)c2ncc(cc2)C#N)cc1[C@]1(N=C(OCC1)N)C(F)F,1
BACE_150,S(=O)(=O)(CCCCC)c1cc(ccc1)C(=O)N[C@H]([C@H](O)C[NH2+][C@H](C(=O)NC1CCCCC1)C)Cc1ccccc1,0
BACE_847,Fc1ccc(cc1-c1cncnc1)C1(N=C(N)N(C)C1=O)c1cn(nc1)CC(F)(F)F,0
BACE_949,FC(F)Oc1ccc(cc1)[C@@]1(N=C(N)N(C)C1=O)c1cc(ccc1)C#C,0
BACE_958,O(C)c1ccc(cc1CC)C1(N=C(N)N(C)C1=O)C12CC3CC(C1)CC(C2)C3,0
BACE_703,Fc1cc(cc(F)c1)CC(NC(=O)c1cc(cc(Oc2ccccc2OC)c1)C(=O)N(CCC)CCC)C(O)C[NH2+]Cc1cc(OC)ccc1,1
BACE_1198,S(=O)(=O)(N(C)c1cc(cc(c1)C(=O)NC(C)c1ccc(F)cc1)-c1onc(n1)C([NH3+])(Cc1ccccc1)C)C,0
BACE_586,FC(F)C\C=C\c1cc(ccc1)[C@]1(N=C(N)N(C)C1=O)c1ccc(OC(F)F)cc1,1
BACE_1321,O=C1N(C)C(=NC(=C1)CCc1cc(ccc1)-c1ccccc1)N,0
BACE_135,Brc1cc(ccc1)C(=O)Nc1ccc(cc1)-c1n(CC(=O)NC(=[NH2+])N)c(cc1)-c1ccccc1,0
BACE_1150,OC(C(NC(=O)c1cc(N(C(=O)C)c2ccccc2)ccc1)Cc1ccccc1)C[NH2+]C(C(=O)NC1CCCCC1)C,0
BACE_856,Fc1ncccc1-c1cc2c(OC(CC23N=C(N)N(C)C3=O)(C)C)cc1,0
BACE_437,S1(=O)(=O)N(c2cc(cc3n(cc(CC1)c23)CC)C(=O)NC(Cc1ccccc1)C(=O)C[NH2+]C1CCOCC1)C,1
BACE_397,S1(=O)(=O)N(c2cc(cc3n(cc(CC1)c23)CC)C(=O)N[C@H]([C@H](O)C[NH2+]C(CC)C)Cc1ccccc1)C,1
BACE_538,Clc1cc(cc(F)c1)-c1cc2c(SC(CC23N=C(N)N(C)C3=O)(C)C)cc1,1
BACE_1225,O(C(C)(C)C)C(=O)N[C@@H](CC(C)C)C(=O)N[C@@H](Cc1ccccc1)C(=O)N[C@H]([C@@H](O)C[C@H](C(=O)NCC(C)C)C)CC(C)C,0
BACE_535,S(=O)(=O)(N(c1cc(ccc1)C(=O)NC(Cc1ccccc1)C(O)C[NH2+]Cc1cc(ccc1)C(F)(F)F)c1ccccc1)C,1
BACE_1379,S1(=O)(=O)NCC2(N1c1cc(F)ccc1)CC([NH+](CC2)Cc1cc(OC2CCCC2)ccc1)C,0
BACE_376,S1(=O)CC(Cc2cc(OCC(F)(F)F)c(N)c(F)c2)C(O)C([NH2+]Cc2cc(ccc2)C(C)(C)C)C1,1
BACE_415,O1c2c(cc(cc2)-c2cc(cnc2)C#CC)C2(N=C(N)N(C)C2=O)CC1(C)C,1
BACE_1,O1CC[C@@H](NC(=O)[C@@H](Cc2cc3cc(ccc3nc2N)-c2ccccc2C)C)CC1(C)C,1
BACE_389,O1c2ncc(cc2C([NH2+]CC(O)C(NC(=O)COC)Cc2cc(ccc2)-c2occn2)CC12CCC2)CC(C)(C)C,1
BACE_927,Clc1ccccc1-c1n(Cc2nc(N)c(NCCCO)cc2)c(cc1)-c1ccc(OCCCCC)cc1,0
BACE_861,S1(=O)(=O)CC(Cc2cc(OC(F)(F)F)c(N)cc2)C(O)C([NH2+]Cc2cc(ccc2)C(C)(C)C)C1,0
BACE_1462,O1C2CCCCC2(N=C1N)c1cc(ccc1)-c1cc(OC)ccc1,0
BACE_506,FC(F)Oc1ccc(cc1)[C@@]1(N=C(N)N(C)C1=O)c1cc(ccc1)C#CCCOC,1
BACE_1326,O(C)c1ccc(cc1)Cc1cc(ccc1)[C@]1([NH+]=C(N2C1=NCCC2)N)c1ccccc1,0
BACE_58,O1Cc2cc(cc(c2)C(=O)N[C@H](CCc2cc(C[C@]([NH3+])(C)C1=O)ccc2)c1ccccc1)-c1ccccc1C#N,1
BACE_668,S1(=O)(=O)CC(Cc2cc(OC(C(F)(F)F)C(F)(F)F)c(N)c(F)c2)C(O)C([NH2+]Cc2cc(OC(F)(F)F)ccc2)C1,1
BACE_1353,Fc1cc(cc(F)c1)CC(NC(=O)C)C(O)C[NH2+]C1(CCC[NH2+]C1)c1cc(ccc1)C(C)(C)C,0
BACE_1235,O=C(N[C@@H](Cc1ccc([N+](=O)[O-])cc1)C(=O)N[C@H]([C@@H](O)C[C@H](C(=O)NCC(C)C)C)CC(C)C)c1ccc([N+](=O)[O-])cc1,0
BACE_999,O1c2cc(ccc2OC1)C(=O)Nc1cc(ccc1)C1(N=C(N)N(C)C1=O)C1CCCCC1,0
BACE_174,S(=O)(=O)(Nc1cc(Nc2ncnc(c2)-c2ccccc2)ccc1C)C,0
BACE_480,FC(F)(F)c1cc(ccc1)C[NH2+]CC(O)C(NC(=O)c1cc(N2CCCC2=O)c2ncn(c2c1)CC)Cc1ccccc1,1
BACE_127,Clc1ccccc1-c1n(Cc2nc(N)ccc2)c(cc1)-c1ccc(OCCCC#N)cc1,0
BACE_1026,Fc1cc(cc(F)c1)CC(NC(=O)C(N1CCC(COC)C1=O)C)C(O)C[NH2+]Cc1cc(OC)ccc1,0
BACE_561,S(=O)(=O)(N(c1cc(cc(c1)/C(=N\OCC=C)/C)C(=O)N[C@H]([C@@H](O)C[NH2+]Cc1cc(OC)ccc1)Cc1cc(F)cc(F)c1)c1ccccc1)C,1
BACE_890,Fc1cc(cc(F)c1)CC(NC(=O)C)C(O)C[NH2+]C1(CCCCC1)c1cc(cc(c1)C(=O)C)C(C)(C)C,0
BACE_745,O(c1cc(ccc1OC)C1(N=C(N)N(C)C1=O)c1cc(ccc1)-c1cccnc1)C1CCCC1,1
BACE_91,Fc1ccc(NC(=O)c2ncc(cc2)C#N)cc1[C@]1(N=C(OC[C@@H]1F)N)CF,1
BACE_1497,S(=O)(=O)(N(C)c1cc(cc(c1)C(OCC([NH2+]C)(Cc1ccccc1)CO)=O)C(=O)NC(C)c1ccc(F)cc1)C,0
BACE_183,O=C1N(C)C(=N[C@@](C1)(CCc1ccccc1)C)N,0
BACE_908,S1(=O)(=O)N(c2c(CCC1)c(NCC)cc(c2)C(=O)NC(Cc1ccccc1)C(O)C[NH2+]C1CCOCC1)C,0
BACE_1085,OC(C(NC(=O)C1CC(CCC1)C(NC(=O)C)C(C)C)Cc1ccccc1)CC(C(=O)NCCCC)C,0
BACE_818,Fc1cc(cc(F)c1)CC(NC(=O)C)C(O)C[NH2+]C1(CCC(NOC)CC1)c1cc(ccc1)C(C)(C)C,1
BACE_443,FC1(F)CN2C(=NC1)C(N=C2N)(c1cc(ccc1)-c1cc(OC)cnc1)c1ccc(OC(F)F)cc1,1
BACE_279,Fc1cc(ccc1)CC(NC(=O)C)C(O)C[NH2+]C1CC2(Oc3ncc(cc13)CC(C)(C)C)CCC2,1
BACE_70,Fc1c(cccc1OC)-c1cc(ccc1)[C@]1([NH+]=C(N2CC(F)(F)CN=C12)N)c1ccncc1,1
BACE_835,FC(F)Oc1ccc(cc1)[C@@]1(N=C(N)N(C)C1=O)c1cc(ccc1)C[C@@H](CC)C,0
BACE_133,Clc1ccccc1-c1scc(-c2ccc(OCCC)cc2)c1CC(=O)NC(=[NH2+])N,0
BACE_328,Fc1cc(cc(F)c1)CC(NC(=O)C(N1CCC(C(O)CCC)C1=O)CCc1ccccc1)C(O)C1[NH2+]CC(OCCC)C1,1
BACE_1065,O1CCCCNc2cc(cc(c2)C(=O)NC(Cc2cc1ccc2)C(O)C[NH2+]C(COC)c1cc(ccc1)C(C)(C)C)COC,0
BACE_354,s1ccnc1-c1cc(ccc1)CC(NC(=O)C1OCCC1)C(O)C[NH2+]C1CC2(Oc3ncc(cc13)CC(C)(C)C)CCC2,1
BACE_1511,Fc1cc(cc(F)c1)CC(NC(=O)C)C(O)C[NH2+]C1(CCCCC1)c1occ(n1)C(C)(C)C,0
BACE_1229,Fc1cc(cc(F)c1)CC(NC(=O)C)C(O)C[NH2+]C1(CCCCC1)c1ncnc(c1)C(C)(C)C,0
BACE_530,S1(=O)(=O)N(c2cc(cc3n(cc(CC1)c23)CC)C(=O)N[C@H]([C@H](O)C[NH2+]CC)Cc1ccccc1)C,1
BACE_370,S1(=O)(=O)N(c2cc(cc3c2n(cc3CC)C1)C(=O)NC(Cc1ccccc1)C(O)C[NH2+]Cc1cc(OC)ccc1)C,1
BACE_865,s1cc(cc1C1([NH2+]CC(O)C(NC(=O)C)Cc2cc(F)cc(F)c2)CCCCC1)CC(C)(C)C,0
BACE_393,Fc1cc(cc(F)c1)CC(NC(=O)c1cc(cc(c1)C(=O)N(CCC)CCC)CCO)C(O)C[NH2+]Cc1cc(OC)ccc1,1
BACE_526,FC(F)Oc1ccc(cc1C)[C@@]1(N=C(N)N(C)C1=O)c1cc(ccc1)C#CC1CC1,1
BACE_1441,Brc1ccc(cc1)COC(=O)C1[NH2+]CC2(C1)c1c(NC2=O)cccc1,0
BACE_367,S(=O)(=O)(N(C)c1cc2cc(c1)C(=O)NC(COC\C=C/CCN(C)C2=O)C(O)C[NH2+]Cc1cc(ccc1)C(C)C)C,1
BACE_451,S1(=O)(=O)N(c2cc(cc3c2n(cc3CC)CC1)C(=O)NC(Cc1ccccc1)C(O)C[NH2+]C1CCOCC1)C,1
BACE_166,O(C)c1ccc(cc1)[C@@]1([NH+]=C(N)CC1)c1cc(ccc1)-c1cncnc1,0
BACE_29,Fc1cc(cc(F)c1)C[C@H](NC(=O)[C@@H](N1CC[C@](NC(=O)C)(CC(C)C)C1=O)CCc1ccccc1)[C@H](O)[C@@H]1[NH2+]Cc2c(C1)cccc2,1
BACE_547,O=C1N(CCC1)C(C)(C)C1CC(CCC1)C(=O)NC(Cc1ccccc1)C(O)C[NH2+]Cc1cc(ccc1)C(C)C,1
BACE_195,Clc1cc(ccc1)CN1C(=O)[C@](NC1=N)(CC(C)C)C,0
BACE_1018,Clc1cc(cc(Cl)c1NC(=O)C)CNC(=[NH2+])NC(=O)Cn1c2c(cc(OC)cc2)cc1,0
BACE_1408,Brc1cc(ccc1)CCC=1N=C(N)N(C)C(=O)C=1,0
BACE_978,O(CC)c1ccc(cc1)C1(N=C(N)N(C)C1=O)C12CC3CC(C1)CC(C2)C3,0
BACE_1407,FC(F)(F)c1ccc(cc1)\C=C\C(=O)N[C@@H](Cc1ccccc1)C(=O)N[C@H]([C@@H](O)C[C@H](C(=O)NCC(C)C)C)CC(C)C,0
BACE_171,O=C1N(C)C(=NC(=C1)[C@H]1C[C@H]1c1ccc(cc1)-c1cc(ccc1)C)N,0
BACE_169,Clc1cc(cnc1)-c1cc(ccc1)[C@@]12N=C(O[C@@H]1CCCC2)N,0
BACE_683,Fc1ncc(cc1)C(=O)NC(Cc1cc2OCOc2cc1)C(O)C[NH2+]C1CC2(Oc3ncc(cc13)CC(C)(C)C)CCC2,1
BACE_175,O(C)c1cc(ccc1)-c1cc(ccc1)CCc1nc(N)ccc1,0
BACE_549,Fc1cc(cc(F)c1)CC(NC(=O)C(N1CCC(CCCC)C1=O)CCc1ccccc1)C(O)C1[NH2+]CC(O)C1,1
BACE_1496,S1(=O)(=O)NCC2(N1c1cc(F)ccc1)CC([NH+](CC2)Cc1cc(OC)ccc1)C,0
BACE_1224,S1(=O)(=O)N(C2(CC([NH+](CC2)Cc2cc(OC(C)C)ccc2)C)CN1C(C)C)c1cc(F)ccc1,0
BACE_945,FC(F)(F)c1cc(ccc1)-c1cc(ccc1)C1(N=C(N)N(C)C1=O)c1ccncc1,0
BACE_522,Fc1cc(cc(F)c1)CC(NC(=O)C(N1CCC(C(C)C)C1=O)CCc1ccccc1)C(O)C1[NH2+]CC(OCCC)C1,1
BACE_986,Clc1ccc(nc1)C(=O)Nc1cc(ccc1)C1(N=C(N)CNC1=O)C,0
BACE_74,O=C1N(C)C(=N[C@@]12CC(Cc1c2cc(cc1)-c1cncnc1)(C)C)N,1
BACE_1298,O=C1N(Cc2ccc(cc2)CNC(=O)NCCCC)C(NC1(CC1CCCCC1)C)=N,0
BACE_618,S1(=O)CC(Cc2cc(OC)c(N)c(F)c2)C(O)C([NH2+]Cc2cc(ccc2)C(C)(C)C)C1,1
BACE_782,s1cc(cc1CC)C1(N=C(N)N(C)C1=O)c1cc(ccc1)-c1cncnc1,1
BACE_688,O(CC)c1cc(ccc1OC)C1(N=C(N)N(C)C1=O)c1cc(ccc1)-c1cccnc1,1
BACE_875,s1cc(cc1C)C1(N=C(N)N(C)C1=O)c1cc(ccc1)-c1cncnc1,0
BACE_261,O=C1N(C)C(=[NH2+])NC1(c1cc(ccc1)-c1cccnc1)c1ccccc1,1
BACE_764,S1(=O)(=O)CC(Cc2cc(OCCC(F)(F)F)c(N)c(F)c2)C(O)C([NH2+]Cc2cc(ccc2)C(C)(C)C)C1,1
BACE_241,S(=O)(=O)(N(C)c1cc(cc(c1)C(=O)NC(Cc1ccccc1)C(O)C[NH2+]Cc1cc(OC)ccc1)C(=O)NC(C)c1ccccc1)C,1
BACE_164,O=C1N(Cc2ccc(cc2)CNC(=O)Nc2ccc(cc2)C#N)C(N[C@@]1(CC(C)C)C)=N,0
BACE_134,O=C1N[C@@H](C[C@@H](CCCCCCCC(=O)N[C@H]1C)C)[C@@H](O)C[C@H](C(=O)NCCCC)C,0
BACE_1146,Clc1cc2CC(N=C(NC(Cc3cscc3-c3n[nH]cc3)C(=O)[O-])c2cc1)(C)C,0
BACE_249,Clc1cc(cc(C)c1NC(=O)C)CN\C(=N/C(=O)c1c(nsc1C)-c1ccc(OC)cc1)\N,1
BACE_1538,Clc1cc2nc(n(c2cc1)CCCC(=O)NCCC1CC[NH2+]C1)N,0
BACE_967,S(=O)(=O)(N(C1CCCCC1)c1cc(ccc1)C(=O)NC(Cc1ccccc1)C(O)C[NH2+]C(C(=O)NC1CCCCC1)C)C,0
BACE_187,O1[C@@H]2COCC[C@@]2(N=C1N)c1cc(ccc1)-c1cncnc1,0
BACE_42,Fc1ccc(cc1C#CCCCF)[C@]1(N=C(N)N(C)C1=O)c1ccc(OC(F)F)cc1,1
BACE_724,Fc1cc(cc(F)c1)CC(NC(=O)C(N1CCC(CCCC)C1=O)C)C(O)C[NH2+]Cc1cc(OC)ccc1,1
BACE_110,O(C)c1ccc(cc1C)[C@@]1(N=C(N)N(C)C1=O)C12CC3CC(C1)CC(C2)C3,0
BACE_39,O=C1N(CCC1)c1cc(cc(NCC)c1)C(=O)N[C@H]([C@H](O)C[NH2+][C@H](C(=O)NC1CCCCC1)C)Cc1ccccc1,1
BACE_599,Fc1ncccc1-c1cc2c(CC(CC23N=C(N)N(C)C3=O)(C)C)cc1,1
BACE_1040,Clc1ccccc1-c1n(Cc2nc(N)ccc2)c(cc1)-c1ccc(OCCCCC)cc1,0
BACE_1312,s1cccc1-c1cc(ccc1)C1CC1C1(N=C(N)N(C)C(=O)C1)C,0
BACE_1488,S(=O)(=O)(N(C)c1cc(cc(OCCC([NH3+])(Cc2ccccc2)CO)c1)C(=O)NC(C)c1ccc(F)cc1)C,0
BACE_514,O=C1N(C)C(=NC1(c1cc(ccc1)-c1cncnc1)c1cn(nc1)CCC(C)(C)C)N,1
BACE_499,FC(F)Oc1ccc(cc1)[C@@]1(N=C(N)N(C)C1=O)c1cc(ccc1)/C(/F)=C\C1CC1,1
BACE_923,Fc1cc(cc(F)c1)CC(NC(=O)C)C(O)C[NH2+]C1(CCCCC1)c1nn(cc1)CC(C)(C)C,0
BACE_980,O(C)c1ccc(cc1)C1(N=C(C)C(=N1)N)c1cc(ccc1)-c1cccnc1,0
BACE_25,Fc1cc(cc(F)c1)C[C@H](NC(=O)c1cc(cc(c1)C)C(=O)N(CCC)CCC)[C@H](O)[C@@H]1[NH2+]CC[C@H](OCC)C1,1
BACE_1055,Clc1cc(ccc1)-c1cc2c(OC(CC23N=C(N)N(CC(F)(F)F)C3=O)(C)C)cc1,0
BACE_1236,O=C1N(C)C(=NC1(c1ccccc1)c1ccncc1)N,0
BACE_69,Fc1ccc(NC(=O)c2ncc(cc2)C#N)cc1[C@]1(N=C(O[C@@H](C(F)(F)F)[C@@H]1F)N)C,1
BACE_917,S1(=O)(=O)CC(Cc2cc3c([nH]cc3CC)cc2)C(O)C([NH2+]Cc2cc(ccc2)C(C)(C)C)C1,0
BACE_1310,Fc1cc(cnc1)-c1cc2c(CC(CC23N=C(OC3)N)(C)C)cc1,0
BACE_395,Fc1cc(cc(F)c1)CC(NC(=O)c1cc(cc(Oc2ccccc2)c1)C(=O)N(CCC)CCC)C(O)C[NH2+]Cc1cc(OC)ccc1,1
BACE_536,Brc1cc(ccc1)C[NH2+]CC(O)C(NC(=O)c1c2cccnc2n(c1)C(=O)N(CCCC)C)Cc1ccccc1,1
BACE_883,OC(C(NC(=O)C1CC(CCC1)C(N(C(=O)CC)C)(C)C)Cc1ccccc1)C[NH2+]Cc1cc(ccc1)C(C)C,0
BACE_1362,Fc1cc(cc(F)c1)CC(NC(=O)C)C(O)C[NH2+]C1(CCCCC1)c1cc(ccc1)C1CCCCC1,0
BACE_412,Fc1ncccc1-c1cc(ccc1)C1(N=C(N)N(C)C1=O)c1cn(nc1)CC,1
BACE_766,S(=O)(=O)(N(C)c1cc(cc(c1)/C(=N\O)/C)C(=O)N[C@H]([C@@H](O)C[NH2+]Cc1cc(OC)ccc1)Cc1cc(F)cc(F)c1)C,1
BACE_749,Fc1ccc(cc1OCC(F)F)[C@]1(N=C(N)N(C)C1=O)c1ccc(OC(F)F)cc1,1
BACE_1382,O1CC(N=C1N)(c1cc(ccc1)-c1cncnc1)c1ccc(OC)cc1,0
BACE_484,Fc1cc(cc(F)c1)CC(NC(=O)C(N1CCC(CCCC)C1=O)CCc1ccccc1)C(O)C1[NH2+]CC(OCCC)C1,1
BACE_292,S1(=O)(=O)CC(Cc2cc(OC(C(F)(F)F)C(F)(F)F)c(N)c(F)c2)C(O)C([NH2+]Cc2cc(ccc2)C(O)(C)C)C1,1
BACE_76,S1(=O)(=O)C[C@@H](Cc2cc(C[C@H](O)C(F)(F)F)c(N)c(F)c2)[C@H](O)[C@@H]([NH2+]Cc2cc(ccc2)C(C)(C)C)C1,1
BACE_947,Fc1c2c(ccc1)C(N=C2N)(c1cc(ccc1)-c1cc(cnc1)C#N)c1cc(ncc1)C(F)(F)F,0
BACE_259,O(C)c1cc(ccc1)-c1cc(ccc1)C1(N=C(N)N(C)C(=O)C1)C,1
BACE_474,Fc1cc(cc(F)c1)CC(NC(=O)C)C(O)C[NH2+]C1(CC(=O)NCC1)c1cc(ccc1)C(C)(C)C,1
BACE_424,Clc1cccnc1-c1cc2cc(CC(C(=O)NCCC(C)(C)C)C)c(nc2cc1)N,1
BACE_642,S1(=O)(=O)N(CCCC1)c1cc(cc(NCC)c1)C(=O)NC(Cc1ccccc1)C(O)C[NH2+]Cc1cc(cnc1)C#N,1
BACE_178,O=C([O-])[C@@H](\[NH+]=C\1/NC(Cc2c/1cccc2)(C)C)Cc1ccccc1,0
BACE_1357,S(=O)(=O)(N(C)c1cc(cc(c1)C(=O)NC(C(O)CC(OC)COC)COc1cc(F)cc(F)c1)C(=O)NC(C)c1ccccc1)C,0
BACE_1096,Clc1ccccc1-c1n(Cc2nc(N)ccc2)c(cc1)-c1ccc(Oc2ccccc2)cc1,0
BACE_1079,Clc1cc2CC(N=C(NC(Cc3cscc3C#C)C(=O)[O-])c2cc1)(C)C,0
BACE_626,FC(F)Oc1cc(ccc1OC(F)F)CC(NC(=O)C)C(O)C[NH2+]C1CC2(Oc3ncc(cc13)CC(C)(C)C)CCC2,1
BACE_62,O=C1N(C)C(=N[C@]1(c1cc(nc(c1)CC)CC)c1cc(ccc1)-c1cncnc1)N,1
BACE_905,Fc1cc(cc(F)c1)CC(NC(=O)C)C(O)C[NH2+]C1(CCCCC1)c1cc(cc(c1)C)C(C)(C)C,0
BACE_1472,O1C2COCCC2(N=C1N)c1cc(ccc1)-c1cc(ccc1)C#N,0
BACE_1453,O(C(C)C)C(=O)CN1C=C(C(=O)N[C@H](C)c2ccccc2)[C@@H](C)C(=C1)C(=O)N[C@H]([C@H](O)C[NH2+]C1CC1)Cc1ccccc1,0
BACE_306,Fc1ccc(cc1CC(NC(=O)COC)C(O)C[NH2+]C1CC2(Oc3ncc(cc13)CC(C)(C)C)CCC2)C#C,1
BACE_37,Fc1cc(cc(F)c1)C[C@H](NC(=O)C)[C@H](O)C[NH2+][C@]1(CCc2n[nH]cc2C1)c1cc(ccc1)C(C)(C)C,1
BACE_693,FC(F)Oc1ccc(cc1)[C@@]1(N=C(N)N(C)C1=O)c1cc(ccc1)CCCC#N,1
BACE_1398,O(C(=O)C=1[C@@H](C)C(=CN(CC(OC(C)C)=O)C=1C)C(=O)N[C@H]([C@H](O)C[NH2+]C1CC1)Cc1ccccc1)Cc1ccccc1,0
BACE_1129,Fc1cc(cc(F)c1)CC(NC(=O)C)C(O)C[NH2+]C1(CCCCC1)c1cc(ccc1)-c1occc1,0
BACE_1010,Fc1cc(cc(F)c1)CC(NC(=O)C)C(O)C[NH2+]C1(CCCCC1)c1cc(N(C)C)ccc1,0
BACE_770,Fc1c2c(ccc1)C(N=C2N)(c1cc(ccc1)-c1cncnc1)c1nc(C)c(OC)c(c1)C,1
BACE_193,o1cccc1C[N@H+](Cc1cc(ccc1)CCc1cccnc1N)C,0
BACE_952,Fc1cc(cc(F)c1)CC(NC(=O)C)C(O)C[NH2+]C1(CCCOC1)c1cc(-n2nccc2)ccc1,0
BACE_486,Clc1cn(nc1C(=O)Nc1cc(C2(N=C(OCC2(F)F)N)C)c(F)cc1)C(F)F,1
BACE_707,Brc1cc(cc(F)c1N)CC1CS(=O)(=O)CC([NH2+]Cc2cc(ccc2)C(C)(C)C)C1O,1
BACE_792,FC1(F)COC(=NC1(C)c1cc(NC(=O)c2ncc(cc2)C)ccc1F)N,1
BACE_1399,S(=O)(=O)(N1C(C)=C(C(=O)N[C@H](C)c2ccccc2)[C@@H](CC)C(C(=O)N[C@H]([C@H](O)C[NH2+]C2CC2)Cc2ccccc2)=C1C)C,0
BACE_760,Fc1cc(cc(F)c1)CC(NC(=O)c1c2cccnc2n(c1)C(=O)N(CCOC)C)C(O)C[NH2+]Cc1cc(OC)ccc1,1
BACE_441,FC1(F)COC(=NC1(C)c1cc(NC(=O)c2ncc(OCC#C)nc2)ccc1F)N,1
BACE_858,O(C)c1ccc(cc1C)C1(N=C(N)N(C)C1=O)c1cc(-c2cccnc2)c(cc1)C,0
BACE_647,Clc1ccccc1-c1n(Cc2nc(N)c(OCCO)cc2)c(cc1)-c1ccc(Oc2cncnc2)cc1,1
BACE_116,O(C)c1cc(ccc1)C[NH2+]C[C@@H](O)[C@@H](NC(=O)c1cc(ccc1)C(=O)N(CCC)CCC)Cc1ccccc1,0
BACE_446,Fc1cc(cc(F)c1)CC(NC(=O)C)C(O)C[NH2+]C1(CCc2nc(ncc2C1)N)c1cc(ccc1)C(C)(C)C,1
BACE_1475,Brc1ccccc1C1C[NH2+]CC1C(=O)N1CCOCC1c1ccccc1,0
BACE_1002,Fc1cc(cc(F)c1)C[C@H](NC(=O)C)[C@H](O)C[NH2+]C1(CC1)c1cc(ccc1)C(CF)(CF)C,0
BACE_635,S1(=O)(=O)N(CCCC1)c1cc(cc(c1)/C(=N\O)/C)C(=O)N[C@H]([C@@H](O)C[NH2+]Cc1cc(OC)ccc1)Cc1cc(F)cc(F)c1,1
BACE_1481,O(C(C)C)c1cc(ccc1)-c1ccc(cc1)C1CC1C=1N=C(N)N(C)C(=O)C=1,0
BACE_90,FC(F)(F)c1cc(ccc1)C[NH2+]C[C@@H](O)[C@@H](NC(=O)C=1C=C(N2CCCC2=O)C(=O)N(C=1)C1CCCC1)Cc1ccccc1,1
BACE_881,O(C)c1ccc(cc1C#N)C1(N=C(N)N(C)C1=O)c1cc(ccc1)-c1cccnc1,0
BACE_1188,Clc1ccccc1-c1cc(ccc1)C[NH+]1CCC2(N(S(=O)(=O)NC2)c2cc(F)ccc2)CC1C,0
BACE_1480,Clc1cc2nc(n(c2cc1)C(CC(C)C)CC(=O)NCc1cc(F)ccc1)N,0
BACE_785,Fc1cc(cc(F)c1)CC(NC(=O)c1c2cccnc2n(c1)C(=O)N(CCCC)C)C(O)C[NH2+]C1(CC1)c1cc(ccc1)CC,1
BACE_529,O1c2ncc(cc2C([NH2+]CC(O)C(NC(=O)C)Cc2cc3OCCOc3cc2)CC12CCC2)CC(C)(C)C,1
BACE_12,Fc1cc(cc(F)c1)C[C@H](NC(=O)c1cc(cc(c1)C)C(=O)N(CCC)CCC)[C@H](O)[C@@H]1[NH2+]CCN(Cc2ccccc2)C1=O,1
BACE_425,O(C)c1cc(ccc1)C[NH2+]CC(O)C(NC(=O)C(N1CCC(NC(=O)C)(CC2CC2)C1=O)CCc1ccccc1)Cc1ccccc1,1
BACE_312,S(=O)(=O)(N(C)c1cc(cc(c1)C(=O)NC(C(O)CC(C(=O)NC(C(C)C)C(=O)NCc1ccccc1)C)COc1cc(F)cc(F)c1)C(=O)NC(C)c1ccccc1)C,1
BACE_722,FC(F)(F)CCCc1cc(ccc1)[C@]1(N=C(N)N(C)C1=O)c1ccc(OC(F)F)cc1,1
BACE_1413,S1(=O)(=O)NCC2(N1c1cc(F)ccc1)CC([NH+](CC2)Cc1ccccc1)C,0
BACE_1450,O(C)c1cc(NC[C@@H](O)[C@@H](NC(=O)C2=CN(C=C(C(=O)N[C@H](C)c3ccccc3)[C@H]2CCC)CC(OC(C)C)=O)Cc2ccccc2)ccc1,0
BACE_721,Fc1ncccc1-c1cc(ccc1)[C@]1(N=C(N)N(C)C1=O)c1ccc(OC(F)(F)F)cc1,1
BACE_884,S1(=O)(=O)CC(Cc2cc(CCCC)c(O)cc2)C(O)C([NH2+]Cc2cc(ccc2)C(C)C)C1,0
BACE_161,O(C)c1cc(ccc1)-c1cc(ccc1)[C@@H]1C[C@@H]1C=1N=C(N)N(C)C(=O)C=1,0
BACE_928,S1(=O)(=O)CC(Cc2cc3c([nH]nc3CCC)cc2)C(O)C([NH2+]Cc2cc(ccc2)C(C)(C)C)C1,0
BACE_1233,Brc1cc(ccc1)[C@]1([NH+]=C(N2C1=NCCC2)N)c1ccc(OC(F)(F)F)cc1,0
BACE_285,s1ccnc1-c1cc(cc(F)c1)CC(NC(=O)COC)C(O)C[NH2+]C1CC2(Oc3ncc(cc13)CC(C)(C)C)CCC2,1
BACE_364,S1(=O)CC(Cc2cc(OC(CO)C(F)(F)F)c(N)c(F)c2)C(O)C([NH2+]Cc2cc(ccc2)C(C)(C)C)C1,1
BACE_1454,O(C(C)C)C(=O)CN1C(C)=C(C(=O)C)[C@@H](CCC)C(C(=O)N[C@H]([C@H](O)C[NH2+]C2CC2)Cc2ccccc2)=C1C,0
BACE_1072,Fc1cc(cc(F)c1)CC(NC(=O)C)C(O)C[NH2+]C1(CC1)c1cc(c[n+]([O-])c1)CC(C)(C)C,0
BACE_546,S1(=O)(=O)N(CCCC1)c1cc(cc(c1)/C(=N\OCCC)/C)C(=O)NC([C@@H](O)C[NH2+]Cc1cc(OC)ccc1)Cc1cc(F)cc(F)c1,1
BACE_1048,Fc1cc(cc(F)c1)CC(NC(=O)C)C(O)C[NH2+]C1(CC1)c1cc(ccc1)C1OCCC1,0
BACE_800,FC(F)Oc1ccc(cc1)[C@@]1(N=C(N)N(C)C1=O)c1cc(ccc1)CCC,1
BACE_1363,Fc1cc(cc(F)c1)CC(NC(=O)C)C(O)C[NH2+]C1(CCCCC1)c1ccccc1,0
BACE_793,Fc1cc(cc(F)c1)CC(NC(=O)C)C(O)C[NH2+]C1(CCCCC1)c1cc(ccc1)C1CCOC1,1
BACE_1144,FCCOc1ccc(cc1)[C@@]1(N=C(N)N(C)C1=O)c1ccccc1,0
BACE_552,FC(F)(F)c1cc(ccc1)C[NH2+]CC(O)C(NC(=O)c1cc(N2CCCC2=O)c2[nH]cc(c2c1)CC)Cc1ccccc1,1
BACE_23,s1ccnc1-c1cc(ccc1)C[C@H](NC(=O)[C@H](OC)C)[C@H](O)C[NH2+][C@H]1CC2(Oc3ncc(cc13)CC(C)(C)C)CCC2,1
BACE_385,O1CCCCOc2nc(cc(c2)C(=O)NC(Cc2cc1ccc2)C(O)C[NH2+]C1(CC1)c1cc(ccc1)C(C)C)COC,1
BACE_1317,Clc1cc(ccc1)-c1cc(ccc1)C1(OCCC(=N1)N)C,0
BACE_369,S1(=O)(=O)N(c2cc(cc3n(cc(CC1)c23)CC)C(=O)N[C@H]([C@H](O)C[NH2+]CCC)Cc1ccccc1)C,1
BACE_461,O=C(NCC1CCCCC1)C(Cc1cc2cc(ccc2nc1N)-c1ccccc1C)CC,1
BACE_504,FC(F)Oc1ccc(cc1)[C@@]1(N=C(N)N(C)C1=O)c1cc(ccc1)C#CC1CC1,1
BACE_244,S(=O)(=O)(N(C)c1cc(cc(c1)C(=O)NC(C(O)CC(OCCOC)C(=O)NC(C(C)C)C(=O)NCc1ccccc1)COc1cc(F)cc(F)c1)C(=O)NC(C)c1ccccc1)C,1
BACE_944,O1c2cc(ccc2OC1)C1(N=C(N)N(C)C1=O)c1cc(ccc1)-c1cccnc1,0
BACE_1524,s1cc(nc1N)C1(CCCC1)c1ccccc1,0
BACE_1044,S1(=O)(=O)CC(Cc2cc(F)c3NCC4(CCC4)c3c2)C(O)C([NH2+]Cc2cc(ccc2)C(C)(C)C)C1,0
BACE_1505,Brc1cc(ccc1O)CC1CS(=O)(=O)CC([NH3+])C1O,0
BACE_94,[NH+]=1[C@](N=C(C)C=1N)(C1CC1)c1cc(ccc1)-c1cc(cnc1)C#CC,1
BACE_1041,Clc1ccc(nc1)C(=O)Nc1cc(ccc1)C1(N=C(N)c2c1cccc2)C,0
BACE_1103,S1(=O)(=O)CC(Cc2cc(CC)c(N)c(F)c2)C(O)C([NH2+]Cc2cc(ccc2)C(C)(C)C)C1,0
BACE_1125,O=C1N(C)C(=NC1(C1CCCCC1)C1CCCCC1)N,0
BACE_728,S1(=O)(=O)CC(Cc2cc(F)c(NC(=O)C[NH+](C)C)cc2)C(O)C([NH2+]Cc2cc(ccc2)C(C)(C)C)C1,1
BACE_1029,Fc1ccc(cc1)C1(N=C(C)C(=N1)N)c1cc(ccc1)-c1cccnc1,0
BACE_155,Fc1cc(ccc1OC)[C@H](Cc1cc([N+](=O)[O-])ccc1OC)c1nc([nH]c1)N,0
BACE_1132,S1(=O)(=O)CC(Cc2cc(ccc2)COCCC)C(O)C([NH2+]Cc2cc(ccc2)C(C)C)C1,0
BACE_1345,O(C(C)C)C(=O)CN1C(C)=C(C(=O)N[C@H]([C@H](O)C[NH2+]C2CC2)Cc2ccccc2)[C@@H](C)C(C(=O)NOCc2ccccc2)=C1C,0
BACE_1545,Brc1cc(ccc1)C1CC1C=1N=C(N)N(C)C(=O)C=1,0
BACE_821,Fc1cc(cc(F)c1)CC(NC(=O)C)C(O)C[NH2+]C1(CCCCC1)c1cc(ccc1)C(C)=C,1
BACE_611,Fc1cc(cc(F)c1)CC(NC(=O)C(N1CCC(COC)C1=O)CCc1ccccc1)C(O)C[NH2+]Cc1cc(OC)ccc1,1
BACE_735,Fc1cc(cc(F)c1)CC(NC(=O)c1c2c(n(c1)C(=O)N(CCCC)C)cc(F)cc2)C(O)C[NH2+]Cc1cc(OC)ccc1,1
BACE_1304,O=C1N(CCC1)c1cc(ccc1)C(=O)NC(Cc1ccccc1)C(O)C[NH2+]C(C(=O)NC1CCCCC1)C,0
BACE_518,Fc1ncccc1-c1cc(ccc1)C1(N=C(N)N(C)C1=O)c1cn(nc1)CC(CC)CC,1
BACE_590,FC(F)Oc1ccc(cc1)[C@@]1(N=C(N)N(C)C1=O)c1cc(OCC\C=C(\F)/F)ccc1,1
BACE_833,s1cc(nc1)-c1cc(ccc1)C1([NH2+]CC(O)C(NC(=O)C)Cc2cc(F)cc(F)c2)CCCCC1,0
BACE_543,Brc1cc2c(cc1)C1(CCC2)C[NH2+]CC1C(=O)N1CCC(CC1C1CCCCC1)c1ccccc1,1
BACE_664,S1(=O)(=O)CC(Cc2cc(OCCF)c(N)c(F)c2)C(O)C([NH2+]Cc2cc(ccc2)C(C)(C)C)C1,1
BACE_1152,Fc1cc(cc(F)c1)CC(NC(=O)C)C(O)C[NH2+]C1(CCCCC1)c1cc(N2CCOC2=O)ccc1,0
BACE_1384,O(C)c1nc(cnc1)-c1ccc(cc1)C1CC1C=1N=C(N)N(C)C(=O)C=1,0
BACE_822,Fc1ccc(cc1OCCCCF)[C@]1(N=C(N)N(C)C1=O)c1ccc(OC(F)F)cc1,1
BACE_118,Fc1ccc(cc1-c1cncnc1)[C@]1([NH+]=C(N)c2c1cccc2F)c1cc(ncc1)C(F)(F)F,0
BACE_772,S1(=O)(=O)CC(Cc2cc(-c3occc3)c(N)c(F)c2)C(O)C([NH2+]Cc2cc(ccc2)C(C)(C)C)C1,1
BACE_1114,Clc1ccccc1-c1n(Cc2nc(N)ccc2)c(cc1)-c1ccc(Nc2cncnc2)cc1,0
BACE_863,S1(=O)(=O)CC(Cc2cc(CCC(F)(F)F)c(N)c(F)c2)C(O)C([NH2+]Cc2cc(ccc2)C(C)(C)C)C1,0
BACE_121,FC(F)(F)c1cc(ccc1)C[NH2+]C[C@@H](O)[C@@H](NC(=O)c1cc(N2CCCC2=O)c2nccc(c2c1)CC)Cc1ccccc1,0
BACE_687,O1CCCCNc2cc(cc(c2)C(=O)NC(Cc2cc1ccc2)C(O)C[NH2+]C1(CCCC1)c1cc(ccc1)C(C)(C)C)COC,1
BACE_666,Fc1cc(ccc1C(F)(F)F)CC(NC(=O)C)C(O)C[NH2+]C1CC2(Oc3ncc(cc13)CC(C)(C)C)CCC2,1
BACE_398,Fc1ccc(cc1-c1cccnc1F)[C@@]1(N=C(N)N(C)C1=O)c1cc(C)c(OC)cc1,1
BACE_296,Fc1ccc(cc1C#N)CC(NC(=O)C)C(O)C[NH2+]C1CC2(Oc3ncc(cc13)CC(C)(C)C)CCC2,1
BACE_686,O1CCCCNc2cc(cc(c2)C(=O)NC(Cc2cc1ccc2)C(O)C[NH2+]C(C)(C)c1cc(ccc1)C(C)C)COC,1
BACE_968,Brc1cc(ccc1O)CC1CS(=O)(=O)CC([NH2+]Cc2cc(ccc2)C(C)C)C1O,0
BACE_855,Oc1ccc(cc1-c1nccc(c1)C#CC)C1(N=C(C)C(=N1)N)C1CC1,0
BACE_899,Clc1cc2CC(N=C(NC(Cc3ccccc3)C=3NC(=O)c4c(N=3)ccnc4)c2cc1)(C)C,0
BACE_47,O1c2c(cc(cc2)CC)[C@@H]([NH2+]C[C@@H](O)[C@H]2NC(=O)CCCCCCc3cc(C2)ccc3)CC12CCC2,1
BACE_1336,O(C)c1ccc(cc1)C1(N=C(N)CC1)c1cc(ccc1)-c1cncnc1,0
BACE_1024,Clc1cc2CC(N=C(NC(Cc3ccccc3)C=3NC(=O)C(=CN=3)C#N)c2cc1)(C)C,0
BACE_909,Fc1ncccc1-c1cc(ccc1)[C@]1([NH+]=C(N2C1=NCCC2)N)c1cc2OCCOc2cc1,0
BACE_805,S1(=O)(=O)N(CCCC1)c1cc(cc(NCC)c1)C(=O)NC(Cc1ccccc1)C(O)C[NH2+]C1CCOCC1,1
BACE_1547,Clc1cc2nc(n(c2cc1)CCCC(=O)NCC1CC1)N,0
BACE_5,S1(=O)(=O)N(c2cc(cc3c2n(cc3CC)CC1)C(=O)N[C@H]([C@H](O)C[NH2+]Cc1cc(ccc1)C(F)(F)F)Cc1ccccc1)C,1
BACE_1036,FC(F)(F)Oc1ccc(cc1)C1(N=C(N)N(C)C1=O)c1cc(ccc1)-c1cccnc1OC,0
BACE_1348,O=C1N(C)C(=NC(C1)(C)C1CC1c1cc(ccc1)-c1ccccc1)N,0
BACE_291,S1(=O)(=O)CC(Cc2cc(O[C@H](COC)C(F)(F)F)c(N)c(F)c2)C(O)C([NH2+]Cc2cc(ccc2)C(C)(C)C)C1,1
BACE_1394,O(C(=O)CN1C(C)=C(C(=O)N[C@H]([C@H](O)C[NH2+]C2CC2)Cc2ccccc2)[C@@H](C)C(C(=O)NOCc2ccccc2)=C1C)CC,0
BACE_1416,S(=O)(=O)(N(C)c1cc(cc(c1)COCC([NH3+])(Cc1ccccc1)CC)C(=O)NC(C)c1ccc(F)cc1)C,0
BACE_473,S1(=O)(=O)N(CCCC1)c1cc(cc(NCC)c1)C(=O)NC(Cc1ccccc1)C(O)C[NH2+]C1CCc2c1cc(OC)cc2,1
BACE_1035,Clc1cc2CC(N=C(NC(Cc3cscc3C#CC)C(=O)[O-])c2cc1)(C)C,0
BACE_1110,S(=O)(=O)(N(c1cc(ccc1C)C(=O)NC(Cc1ccccc1)C(O)C[NH2+]Cc1cc(ccc1)C(F)(F)F)c1ccccc1)C,0
BACE_870,Fc1cc(cc(F)c1)CC(NC(=O)C)C(O)C[NH2+]C1(CCCCC1)c1onc(c1)CC(C)(C)C,0
BACE_1386,n1cc(ccc1)-c1cc(ccc1)C1(N=C(C)C(=N1)N)C,0
BACE_332,S1(=O)(=O)N(c2cc(cc3c2n(cc3CC)CC1)C(=O)N[C@H]([C@H](O)C[NH2+]C1CCOCC1)Cc1ccccc1)CC,1
BACE_1221,Clc1ccc(cc1)C1(N=C(N)N(C)C1=O)c1ccccc1,0
BACE_341,O1c2ncc(cc2C([NH2+]CC(O)C(NC(=O)C)Cc2ccccc2)CC12CCC2)CC(C)(C)C,1
BACE_151,S1(=O)(=O)N([C@]2(C[C@@H]([N@H+](CC2)Cc2cc(OC(C)C)ccc2)C)CN1C)c1cc(F)ccc1,0
BACE_1181,Clc1cc(ccc1O)C[NH+]1CCC2(N(S(=O)(=O)N(C2)C)c2cc(F)ccc2)CC1C,0
BACE_605,Fc1cc(cc(F)c1)CC(NC(=O)C(N1CCC(NC(=O)C)(C(CC)C)C1=O)C)C(O)C1[NH2+]CC(O)C1,1
BACE_51,Fc1ccc(cc1-c1cncnc1)[C@]1(N=C(N)N(C)C1=O)c1ccc(OC(F)(F)F)cc1,1
BACE_1214,S(=O)(=O)(N(C)c1cc(cc(c1)C(=O)NC(C)c1ccc(F)cc1)-c1nc(on1)C([NH3+])(Cc1ccccc1)C)C,0
BACE_758,S1(=O)(=O)N(c2cc(cc3c2n(cc3CC)CC1)C(=O)NC([C@H](O)C[NH2+]CC#C)Cc1ccccc1)C,1
BACE_866,FC(F)(F)c1nccc(c1)C1(N=C(N)c2c1cccc2)c1cc(ccc1)-c1cncnc1,0
BACE_1148,O=C1N(C)C(=NC(C1)(CCc1cc(ccc1)-c1ccccc1)C)N,0
BACE_501,FC(F)Oc1ccc(cc1)[C@@]1(N=C(N)N(C)C1=O)c1cc(ccc1)\C=C\CCOC,1
BACE_1004,Fc1cc(cc(F)c1)CC(NC(=O)C)C(O)C[NH2+]C1(CCCCC1)c1nnn(c1)C12CC3CC(C1)CC(C2)C3,0
BACE_684,Fc1cc(cc(F)c1)CC(NC(=O)C)C(O)C[NH2+]C1(CCC(CC1)C)c1cc(ccc1)C(C)(C)C,1
BACE_428,s1ccnc1-c1cc(ccc1)CC(NC(=O)CC)C(O)C[NH2+]C1CC2(Oc3ncc(cc13)CC(C)(C)C)CCC2,1
BACE_542,S(C)C1CCC([NH2+]CC(O)C(NC(=O)C)Cc2cc(F)cc(F)c2)(CC1)c1cc(ccc1)C(C)(C)C,1
BACE_348,S1(=O)(=O)CC(Cc2cc(OCC(F)(F)F)c(N)c(F)c2)C(O)C([NH2+]Cc2cc(ccc2)C(C)(C)C)C1,1
BACE_20,S(=O)(=O)(N1C[C@@H]([NH2+]CC1)[C@@H](O)[C@@H](NC(=O)c1cc(cc(c1)C)C(=O)N(CCC)CCC)Cc1cc(F)cc(F)c1)c1ccccc1,1
BACE_716,Fc1ncccc1-c1cc(ccc1)C1([NH+]=C(N2C1=NCCC2)N)c1ccc(OC(F)(F)F)cc1,1
BACE_36,O(C)c1c(cc(cc1C)[C@@]1([NH+]=C(N)C(=N1)C)c1cc(ccc1)-c1cncnc1)C,1
BACE_935,Fc1cc(cc(F)c1)CC(NC(=O)C)C(O)C[NH2+]C1(CCC(N(O)C(=O)C)CC1)c1cc(ccc1)C(C)(C)C,0
BACE_860,Fc1cc(cc(F)c1)CC(NC(=O)C)C(O)C[NH2+]C1(CCCCC1)c1cc(ccc1)C(CC)(C)C,0
BACE_1391,S(=O)(=O)(N1C(C)=C(C(=O)N[C@H]([C@H](O)C[NH2+]C2CC2)Cc2ccccc2)[C@@H](C)C(C(=O)NOCc2ccccc2)=C1C)C,0
BACE_436,S(c1cc(cc(c1)C(=O)NC(Cc1cc(F)cc(F)c1)C(O)C[NH2+]Cc1cc(OC)ccc1)C(=O)N(CCC)CCC)c1ccccc1,1
BACE_953,O(C)c1cc(ccc1OC)C1(N=C(N)N(C)C1=O)C12CC3CC(C1)CC(C2)C3,0
BACE_568,S1(=O)(=O)Nc2cc(cc3c2n(cc3CC)CCC1)C(=O)NC(Cc1ccccc1)C(O)CNc1ccc(OC)cc1,1
BACE_790,FC(F)(F)c1cc(ccc1)C[NH2+]CC(O)C(NC(=O)c1cc(N2CCCC2=O)c2occ(c2c1)CC)Cc1ccccc1,1
BACE_1095,Clc1cc(cc(Cl)c1NC(=O)C)CNC(=[NH2+])NC(=O)Cn1c2cc(ccc2cc1)CN(S(=O)(=O)C)C,0
BACE_272,Oc1ccc(cc1CC)CC[NH3+],1
BACE_1160,FC(F)(F)c1ccc(nc1)C(=O)Nc1cc(ccc1)C1(N=C(N)CN(C)C1=O)C,0
BACE_816,Fc1cc(ccc1)-c1cc2c(OC(CC23N=C(N)N(C)C3=O)(C)C)cc1,1
BACE_520,O1CCCC1C(=O)NC(Cc1cc2OCOc2cc1)C(O)C[NH2+]C1CC2(Oc3ncc(cc13)CC(C)(C)C)CCC2,1
BACE_156,O=C(N[C@H]([C@@H](O)C[C@H](C(=O)NCCCC)C)Cc1ccccc1)[C@H]1C[C@H](CCC1)C(NC(=O)C)(C)C,0
BACE_994,s1cccc1-c1cc(ccc1)C1([NH2+]CC(O)C(NC(=O)C)Cc2cc(F)cc(F)c2)CCCCC1,0
BACE_886,S(=O)(=O)(N(C)c1cc(cc(c1)/C(=N\OCC=C)/C)C(=O)N[C@H]([C@@H](O)C[NH2+]Cc1cc(OC)ccc1)Cc1cc(F)cc(F)c1)C,0
BACE_656,s1cc(cc1)C1(N=C(N)N(C)C1=O)c1cc(ccc1)-c1cc(OC)cnc1,1
BACE_717,O1CCCCNc2cc(cc(c2)C(=O)NC(Cc2cc1ccc2)C(O)C[NH2+]Cc1cc(ccc1)C(C)C)COC,1
BACE_600,Clc1cc(cnc1)-c1cc2c(CC(CC23N=C(N)N(C)C3=O)(C)C)cc1,1
BACE_1473,s1cc(cc1)-c1ccc(cc1)C1CC1C=1N=C(N)N(C)C(=O)C=1,0
BACE_18,Ic1cc(ccc1)C[NH2+]C[C@@H](O)[C@@H](NC(=O)c1cc(cc(c1)C)C(=O)N(CCC)CCC)Cc1cc(F)cc(F)c1,1
BACE_129,Clc1cc2CC([NH+]=C(N[C@@H](Cc3cscc3-c3cn[nH]c3)C(=O)[O-])c2cc1)(C)C,0
BACE_1521,Brc1cc(ccc1)C12N=C(OC1CCCC2)N,0
BACE_960,S(=O)(=O)(N(c1cc(ccc1)C(=O)NC(Cc1ccccc1)C(O)C[NH2+]Cc1cc(ccc1)C(F)(F)F)c1ncccc1)C,0
BACE_1013,O1c2c(cc(OCC(C)C)cc2)C2(N=C(N)N(C)C2=O)CC1(C)C,0
BACE_1536,Clc1cc2nc(n(c2cc1)CCCC(=O)NCc1ncccc1)N,0
BACE_192,Clc1cc(ccc1OCCCC)CSC(=[NH2+])N,0
BACE_1172,S(=O)(=O)(N(C)c1cc(cc(c1)C(=O)NC(C(O)CC(OC)CNc1ccc(F)cc1)COc1cc(F)cc(F)c1)C(=O)NC(C)c1ccccc1)C,0
BACE_1025,S(=O)(=O)(N(C)c1cc(cc(c1)C(=O)NC(C(O)CC(OC)COC(C)C)COc1cc(F)cc(F)c1)C(=O)NC(C)c1ccccc1)C,0
BACE_1510,Clc1cc2CC(N=C(NC(Cc3ccccc3)c3ncccn3)c2cc1)(C)C,0
BACE_1296,Fc1cc(cc(F)c1)CC(NC(=O)C)C(O)C[NH2+]C1(CC1)c1oc(cn1)C(C)(C)C,0
BACE_637,Fc1cc(cc(F)c1)CC(NC(=O)C(N1CCC(CCCC)C1=O)CCc1ccccc1)C(O)C[NH2+]Cc1cc(OC)ccc1,1
BACE_182,S1CC[C@@](N=C1N)(C)c1ccc(OC)cc1,0
BACE_329,S1(=O)(=O)N(c2cc(cc3n(cc(CC1)c23)CC)C(=O)NC(Cc1ccccc1)C(O)C[NH2+]C1CCOCC1)C,1
BACE_527,Clc1cc(cnc1)-c1cc2c(SC(CC23N=C(N)N(C)C3=O)(C)C)cc1,1
BACE_1337,O1c2cc(ccc2OC1)C(=O)N[C@@H](Cc1ccccc1)C(=O)N[C@H]([C@@H](O)C[C@H](C(=O)NCC(C)C)C)CC(C)C,0
BACE_1301,O=C(N(C)C1CCCCC1)CCc1cc2cc(ccc2nc1N)-c1ccccc1C,0
BACE_1351,S1(=O)(=O)NCC2(N1c1cc(F)ccc1)CC([NH+](CC2)Cc1cc(OCC)ccc1)C,0
BACE_548,S(=O)(=O)(N(c1cc(ccc1)C(=O)NC(Cc1ccccc1)C(O)C[NH2+]Cc1cc(ccc1)C(F)(F)F)c1cccnc1)C,1
BACE_1102,Fc1cc(cc(F)c1)CC(NC(=O)C(N1CCC(NC(=O)C)(C(CC)C)C1=O)CCc1ccccc1)C(O)C1[NH2+]Cc2c(C1)cccc2O,0
BACE_507,FC(F)Oc1ccc(cc1)[C@@]1(N=C(N)N(C)C1=O)c1cc(ccc1)C#C[C@H](O)C,1
BACE_159,O(Cc1ncccc1)c1ccc(cc1CNc1cccnc1N)-c1cc2[nH]ccc2cc1,0
BACE_1228,Fc1cc(cc(F)c1)CC(NC(=O)C)C(O)C[NH2+]C1(CC1)c1cc(N2C3CC(OC3)C2)ccc1,0
BACE_17,Fc1cc(cc(F)c1)C[C@H](NC(=O)c1cc(cc(c1)C)C(=O)N(CCC)CCC)[C@H](O)[C@@H]1[NH2+]C[C@H](OCc2ccccc2)C1,1
BACE_1105,FC(F)Oc1ccc(cc1)[C@@]1(N=C(N)N(C)C1=O)c1cc(ccc1)CC,0
BACE_577,s1ccnc1-c1ccc(cc1)CC(NC(=O)COC)C(O)C[NH2+]C1CC2(Oc3ncc(cc13)CC(C)(C)C)CCC2,1
BACE_689,O(CCC)c1cc(ccc1OC)C1(N=C(N)N(C)C1=O)c1cc(ccc1)-c1cccnc1,1
BACE_1270,S(=O)(=O)(N(c1ccccc1)c1nc(ccc1)C(=O)NC(Cc1ccccc1)C(O)C[NH2+]Cc1cc(ccc1)C(F)(F)F)C,0
BACE_1052,IC1=CN=C(NC1=O)C(NC1=NC(Cc2c1ccc(Cl)c2)(C)C)Cc1ccccc1,0
BACE_1302,O1c2ncccc2C([NH2+]CC(O)C(NC(=O)C)Cc2ccccc2)CC12CCC2,0
BACE_992,Fc1ncccc1-c1cc(ccc1)[C@@]1([NH+]=C(N2C1=NCCC2)N)c1ccc(OC(F)(F)F)cc1,0
BACE_1456,O(CC1CC1)c1cc(ccc1)-c1ccc(cc1)C1CC1C=1N=C(N)N(C)C(=O)C=1,0
BACE_311,S1(=O)(=O)CC(Cc2cc(O[C@@H](C(F)(F)F)C)c(N)c(F)c2)C(O)C([NH2+]Cc2cc(ccc2)C(C)(C)C)C1,1
BACE_829,FC1(F)CN2C(=NC1)C(N=C2N)(c1cc(ccc1)-c1cncnc1)c1ccncc1,0
BACE_252,Fc1ccc(NC(=O)C(CC([NH3+])C(NC(=O)c2cc(ccc2)C(=O)N(CCC)CCC)Cc2ccccc2)C)cc1,1
BACE_27,Clc1cc2CC([NH+]=C(N[C@@H](C[C@H]3[C@H](SC=C3c3cn[nH]c3)CCC)C(=O)[O-])c2cc1)(C)C,1
BACE_467,O1CC2(N=C1N)c1cc(ccc1Oc1c2cc(cc1)CCC)-c1cncnc1,1
BACE_1504,OC(C(NC(=O)c1c2cccnc2n(c1)C(=O)N(CCCC)C)Cc1ccccc1)C[NH2+]C1CC1,0
BACE_256,Clc1cc(cnc1)-c1cc(ccc1)C1(NC(=[NH2+])N(C)C1=O)C1CC1,1
BACE_38,Fc1ccc(NC(=O)c2ncc(cc2)C#N)cc1[C@]1(N=C(O[C@@H](C1)C(F)(F)F)N)C,1
BACE_781,Fc1ccc(cc1-c1cncnc1)C1(N=C(N)N(C)C1=O)c1cn(nc1)C(C)C,1
BACE_1078,Brc1cc(ccc1)CC1CS(=O)(=O)CC([NH2+]Cc2cc(ccc2)C(C)C)C1O,0
BACE_500,FC(F)Oc1ccc(cc1)[C@@]1(N=C(N)N(C)C1=O)c1cc(ccc1)\C=C\COC,1
BACE_1361,S(=O)(=O)(N(C)c1cc(cc(c1)C(=O)NC(C(O)CC(C(=O)NC1CC1)C)COCc1cc(F)cc(F)c1)C(=O)NC(C)c1ccccc1)C,0
BACE_1520,O1C2COCCC2(N=C1N)c1cc(NC(=O)c2ncccc2)ccc1,0
BACE_719,Fc1ncccc1-c1cc(ccc1)C1(N=C(N)N(C)C1=O)c1ccc(OC(F)(F)F)cc1,1
BACE_1425,O(C(=O)C1=CN(C=C(C(=O)N[C@H]([C@H](O)C[NH2+]C2CC2)Cc2ccccc2)[C@@H]1CCC)CC(OC(C)C)=O)C(C)(C)C,0
BACE_670,Fc1cc(cc(F)c1)CC(NC(=O)c1c2c(n(c1)C(=O)N(CCCC)CCCC)cccc2)C(O)C[NH2+]Cc1cc(OC)ccc1,1
BACE_1340,Fc1ccncc1-c1cc(ccc1)C1(N=C(OC1)N)c1ccc(OC)cc1,0
BACE_1251,O1CCC(CC1)C1(N=C(C)C(=N1)N)c1cc(ccc1)-c1cc(OC)ccc1,0
BACE_1191,O1c2c(cc(cc2)-c2ccccc2OC)C2(N=C(N)N(C)C2=O)CC1(C)C,0
BACE_1295,Clc1ccccc1-c1cc2c(Oc3c(cc(OC)cc3)C23N=C(OC3)N)cc1,0
BACE_1410,O(C)c1cc(ccc1)[C@]1([NH+]=C(N2C1=NCCC2)N)c1ccccc1,0
BACE_832,Clc1ccccc1-c1n(Cc2nc(N)c(OCCO)cc2)c(cc1)-c1ccc(OCCCCC)cc1,0
BACE_162,Brc1cc(ccc1C#N)COC(=O)[C@@H]1[NH2+]C[C@]2(C1)c1c(NC2=O)cccc1,0
BACE_989,S1(=O)(=O)CC(Cc2cc(F)c(N)cc2)C(O)C([NH2+]Cc2cc(ccc2)C(C)(C)C)C1,0
BACE_1219,Clc1cnccc1-c1cc2c(Oc3c(cc(OC)cc3)C23N=C(OC3)N)cc1,0
BACE_854,S(=O)(=O)(N(c1ccccc1OC)c1cc(ccc1)C(=O)NC(Cc1ccccc1)C(O)C[NH2+]C(C(=O)NC1CCCCC1)C)C,0
BACE_1316,OC(C(NC(=O)c1cc(Nc2ccccc2)ccc1)Cc1ccccc1)C[NH2+]C(C(=O)NC1CCCCC1)C,0
BACE_910,Fc1ncccc1-c1cc(ccc1)[C@]1([NH+]=C(N2CC(N=C12)(C)C)N)c1ccc(OC(F)(F)F)cc1,0
BACE_946,Fc1cc(cc(F)c1)CC(NC(=O)C)C(O)C[NH2+]C1(CCCCC1)c1cc(N2CCCCC2=O)ccc1,0
BACE_154,O(C)c1ccc(cc1)[C@@]1([NH+]=C(N)[C@H](OC)C1)c1cc(ccc1)-c1cccnc1,0
BACE_1420,O(C)c1cc(ccc1)C[NH2+]C[C@@H](O)[C@@H](NC(=O)C=1[C@H](CCC)C(C(=O)C)=C(N(CC(OC(C)C)=O)C=1C)C)Cc1ccccc1,0
BACE_540,FC1(F)CN2C(=NC1)C(N=C2N)(c1cc(ccc1)-c1cncnc1)c1ccc(OC(F)F)cc1,1
BACE_1168,FC(F)(F)Oc1ccc(cc1)C1([NH+]=C(N2C1=NCCC2)N)c1cc(ccc1)CCC,0
BACE_1283,O=C1N(C)C(=NC(C1)(C)C1CC1c1cc(ccc1)CCc1ccccc1)N,0
BACE_1303,[NH+]=1[C@@](C=2N(CCCN=2)C=1N)(c1cc(ccc1)Cc1ccccc1)c1ccccc1,0
BACE_105,S(=O)(=O)(N[C@@H]1C[C@H](C[C@@H](C1)C(=O)N[C@H]([C@@H](O)CC(=O)N[C@@H](CC(C)C)C(=O)N[C@H](C(=O)N([C@H](CC1CCCCC1)C(=O)N1CCC[C@H]1C(OC)=O)C)C)CC1CCCCC1)C(=O)N[C@H](C)C1CCCCC1)C,0
BACE_617,O1c2ncc(cc2C([NH2+]CC(O)C(NC(=O)COC)Cc2cc(ccc2)-c2ccncc2)CC12CCC2)CC(C)(C)C,1
BACE_1375,O1C[C@@]2(N=C1N)c1cc(ccc1Oc1c2cc(OC)cc1)-c1cncnc1,0
BACE_1176,O(C)c1c(cc(cc1C)[C@@]1(N=C(C)C(=N1)N)c1cc(ccc1)-c1cncnc1)C,0
BACE_54,Fc1ccc(NC(=O)c2ncc(cc2)C#N)cc1[C@]1(N=C(OCC1(F)F)N)C,1
BACE_153,Fc1ncccc1-c1cc(ccc1)[C@]1(N=C(OC1)N)c1ccc(OC)cc1,0
BACE_432,Fc1cc(cc(F)c1)C[C@H](NC(=O)c1c2cccnc2n(c1)C(=O)N1CCC[C@@H]1COCC)[C@H](O)C[NH2+]Cc1cc(OC)ccc1,1
BACE_1501,S(=O)(=O)(N(C)c1cc(cc(c1)COCC([NH3+])(Cc1ccccc1)COC)C(=O)NC(C)c1ccc(F)cc1)C,0
BACE_234,Fc1cc(cc(F)c1)CC(NC(=O)c1cc(cc(c1)C)C(=O)N1CCCC1COC)C(O)C1[NH2+]CC(Oc2ccccc2)C1,1
BACE_1464,O(C(=O)C=1[C@H](C)C(C(=O)N[C@H]([C@H](O)C[NH2+]C2CC2)Cc2ccccc2)=C(N(CC(=O)N(C)C)C=1C)C)Cc1ccccc1,0
BACE_1155,S1(=O)(=O)NCC2(N1c1cc(F)ccc1)CC([NH+](CC2)Cc1cc(OC(C)C)ccc1)C,0
BACE_1365,S(=O)(=O)(N(C)c1cc2cc(c1)C(=O)NC(OCCOC)c1cc(COCC(NC2=O)C(O)CC(C(C)C)C(=O)NCC(C)C)ccc1)C,0
BACE_9,O1c2c(cc(cc2)CC)[C@@H]([NH2+]C[C@@H](O)[C@H]2NC(=O)C=3C=CC(=O)N(CCCCc4cc(C2)ccc4)C=3)CC12CCC2,1
BACE_1047,OC(C(NC(=O)C1CC(CCC1)C(NC(=O)CC)(C)C)Cc1ccccc1)C[NH2+]Cc1cc(ccc1)C(C)C,0
BACE_1390,O(C)c1cc(ccc1)-c1ccc(cc1)C1CC1C=1N=C(N)N(C)C(=O)C=1,0
BACE_1093,Clc1cc2CC(N=C(NC(Cc3cscc3-c3occn3)C(=O)[O-])c2cc1)(C)C,0
BACE_482,Fc1cc(cc(F)c1)CC(NC(=O)C)C(O)C[NH2+]C1(CCC(NO)CC1)c1cc(ccc1)C(C)(C)C,1
BACE_281,S(=O)(=O)(N(C)c1cc2cc(NCCCCOc3cc(CC(NC2=O)C(O)C[NH2+]Cc2cc(ccc2)C(C)C)ccc3)c1)CCC,1
BACE_929,Ic1cc(cc(c1)C(C)(C)C)C1([NH2+]CC(O)C(NC(=O)C)Cc2cc(F)cc(F)c2)CCCCC1,0
BACE_1355,FC(F)(F)C([NH2+]CC(O)C1NC(=O)c2cc(cc(NCCCCOc3cc(C1)ccc3)c2)COC)c1cc(ccc1)C(C)(C)C,0
BACE_913,S1(=O)(=O)CC(Cc2cc(CCC)c(O)cc2)C(O)C([NH2+]Cc2cc(ccc2)C(C)C)C1,0
BACE_1460,Clc1ccc(cc1)C1(CCCC1)c1nc(sc1)N,0
BACE_654,Fc1ccc(cc1-c1cccnc1F)C1(N=C(N)N(C)C1=O)c1cn(nc1)C(C)C,1
BACE_374,O=C1N(C)C(=NC1(c1cc(ccc1)-c1cncnc1)c1cn(nc1)CCCC)N,1
BACE_1332,Fc1cc(cc(F)c1)CC(NC(=O)C)C(O)C[NH2+]C1(CCCCC1)c1cc(-n2nccn2)ccc1,0
BACE_290,S1(=O)(=O)CC(Cc2cc(OC(C(F)(F)F)C(F)(F)F)c(N)c(F)c2)C(O)C([NH2+]Cc2cc(ccc2)C(C)(C)C)C1,1
BACE_152,Fc1cc(N2C3(CC[NH+](CC3)Cc3ccc(NC(=O)C)cc3)C(=NC2=O)NC2CCCCC2)ccc1,0
BACE_503,FC(F)Oc1ccc(cc1)[C@@]1(N=C(N)N(C)C1=O)c1cc(ccc1)C#CC(C)C,1
BACE_671,S1(=O)(=O)CC(Cc2cc(OCCC)c(N)cc2)C(O)C([NH2+]Cc2cc(ccc2)C(C)(C)C)C1,1
BACE_1532,Clc1cc2nc(n(c2cc1)CCCC(=O)NC1CC[NH+](CC1)C)N,0
BACE_1457,O(C)c1cc(ccc1)C([NH2+]CC(O)C(NC(=O)c1cc(N2CCCC2=O)c2c(n(cc2)CC)c1)Cc1ccccc1)(C)C,0
BACE_581,O(C)c1cc(ccc1)-c1cc(ccc1)C1(N=C(N)N(C)C1=O)c1ccncc1,1
BACE_961,Fc1cc(cc(F)c1)C[C@H](NC(=O)C)[C@H](O)C[NH2+]C1(CCOCC1)c1cc(ccc1)[C@H]1CCOC1,0
BACE_519,Fc1ncccc1-c1cc(ccc1)C1(N=C(N)N(C)C1=O)c1cn(nc1)C1CCCC1,1
BACE_1489,Clc1cc2nc(n(c2cc1)C(CC(=O)NCc1ccccc1)CC)N,0
BACE_1204,Fc1ncccc1-c1cc2c(CC(CC23N=C(OC3)N)(C)C)cc1,0
BACE_148,O=C1N(C)C(=N[C@@]1(C12CC3CC(C1)CC(C2)C3)c1ccccc1)N,0
BACE_431,Fc1ccc(cc1C#CCOC)[C@]1(N=C(N)N(C)C1=O)c1ccc(OC(F)F)cc1,1
BACE_987,Fc1cc(cc(F)c1)CC(NC(=O)C)C(O)C[NH2+]C1(CCC(NC(=O)C)CC1)c1cc(ccc1)C(C)(C)C,0
BACE_1452,s1cc(nc1N)C(Cc1ccccc1)c1ccc(OC)cc1,0
BACE_690,O(CCCC)c1cc(ccc1OC)C1(N=C(N)N(C)C1=O)c1cc(ccc1)-c1cccnc1,1
BACE_493,Fc1ncccc1-c1cc(ccc1)[C@]1([NH+]=C(N2C1=NCCC2)N)c1ccc(OC(F)(F)F)cc1,1
BACE_188,[NH+]=1[C@](N=C(c2ccccc2)C=1N)(C)c1cc(ccc1)-c1cccnc1,0
BACE_1180,Fc1cc(cc(F)c1)CC(NC(=O)C(N1CCC(CCCC)C1=O)C)C(O)C1[NH2+]Cc2c(C1)cccc2,0
BACE_1257,O1CC(N=C(N)C1)(C)c1cc(ccc1)-c1cc(OC)ccc1,0
BACE_639,Clc1cc(Cl)cnc1C(=O)Nc1cc(C2(N=C(OCC2)N)C)c(F)cc1,1
BACE_145,Fc1cc(cc(F)c1)C[C@H](NC(=O)c1cc(cc(c1)C)C(=O)N(CCC)CCC)[C@H](O)[C@@H]1[NH2+]CCN(C1)C(=O)c1ccccc1,0
BACE_783,Clc1scc(c1)C1(N=C(N)N(C)C1=O)c1cc(ccc1)-c1cncnc1,1
BACE_1014,S(=O)(=O)(N(c1cc(ccc1)C(=O)NC(Cc1ccccc1)C(O)C[NH2+]C1CC1)c1ccccc1)C,0
BACE_199,Clc1cc2nc(n(c2cc1)CCCO)N,0
BACE_916,FC(F)Oc1cc(ccc1)[C@]1(N=C(N)N(C)C1=O)c1ccc(OC(F)F)cc1,0
BACE_307,Fc1cc(cc(F)c1)CC(NC(=O)c1cc(cc(c1)/C(=N\O)/C)C(=O)N(CCC)CCC)C(O)C[NH2+]Cc1cc(OC)ccc1,1
BACE_321,Fc1ccc(cc1C)CC(NC(=O)C)C(O)C[NH2+]C1CC2(Oc3ncc(cc13)CC(C)(C)C)CCC2,1
BACE_1411,O=C1N(C)C(=NC(=C1)C1CC1c1ccc(cc1)-c1cc(ccc1)CC#N)N,0
BACE_429,S(=O)(=O)(N(c1cc(cc(c1)/C(=N\OCc1ccccc1)/C)C(=O)N[C@H]([C@@H](O)C[NH2+]Cc1cc(OC)ccc1)Cc1cc(F)cc(F)c1)c1ccccc1)C,1
BACE_124,Clc1ccc(nc1)C(=O)Nc1cc(ccc1)[C@]1([NH+]=C(N)CN(C)C1=O)C,0
BACE_1240,FC(F)(F)Oc1cc(ccc1)-c1cc2c(Oc3c(cc(OC)cc3)C23N=C(OC3)N)cc1,0
BACE_204,O1CC[NH+](CC1)CC(O)COc1cc(ccc1C)C,0
BACE_868,Fc1c2c(ccc1)C(N=C2N)(c1cc(ccc1)-c1cc(F)cnc1)c1ccncc1,0
BACE_273,Oc1ccc(cc1)CC([NH3+])C,1
BACE_1469,S(=O)(=O)(Cc1cc(ccc1)C(=O)NC(Cc1ccccc1)C(O)C[NH2+]C(C(=O)NC1CCCCC1)C)c1ccccc1,0
BACE_1455,O1C2CCCCC2(N=C1N)c1cc(ccc1)-c1cc(ccc1)C#N,0
BACE_1186,Fc1cc(cc(F)c1)CC(NC(=O)C)C(O)C[NH2+]C1(CC1)c1cc(ccc1)C1OCCCC1,0
BACE_413,Fc1ncccc1-c1cc(ccc1)C1(N=C(N)N(C)C1=O)c1cn(nc1)CCCC,1
BACE_1369,O1CC(NC(=O)c2cc(cc(c2)C(=O)NCC\C=C\C1)C)C(O)C[NH2+]Cc1ccccc1,0
BACE_887,O1c2c(cc(cc2)-c2cncnc2)C2(N=C(N)N(C)C2=O)CC1(C)C,0
BACE_246,s1cc(cc1C12N=C(N)N(C)C(=O)C1CN(C2)c1ncccc1C#N)-c1cc(ccc1)C#N,1
BACE_672,Clc1cc(Cl)cnc1C(=O)Nc1cc(C2(N=C(N)COC2)C)c(F)cc1,1
BACE_2,Fc1cc(cc(F)c1)C[C@H](NC(=O)[C@@H](N1CC[C@](NC(=O)C)(CC(C)C)C1=O)CCc1ccccc1)[C@H](O)[C@@H]1[NH2+]C[C@H](OCCC)C1,1
BACE_114,O(C(=O)[C@H]1N(CCC1)C(=O)[C@H](N(C(=O)[C@@H](NC(=O)[C@@H](NC(=O)C[C@H](O)[C@@H](NC(=O)[C@@H](N(C(=O)[C@@H](NC(=O)[C@@H](O)C)C(C)C)C)CCC(=O)N)CC1CCCCC1)CC(C)C)C)C)CC1CCCCC1)C,0
BACE_730,Fc1cc(cc(OC)c1)-c1cc2c(OC(CC23N=C(N)N(C)C3=O)(C)C)cc1,1
BACE_1478,s1cc(cc1-c1ccc(cc1)C1CC1C=1N=C(N)N(C)C(=O)C=1)C,0
BACE_984,S(C)c1cc(ccc1)-c1cc2c(OC(CC23N=C(N)N(C)C3=O)(C)C)cc1,0
BACE_1364,S(=O)(=O)(N(C)c1cc2cc(c1)C(=O)NC(COCc1cc(ccc1)C(NC2=O)c1ccccc1)C(O)CC(C(C)C)C(=O)NC)C,0
BACE_1324,O1CC2(N=C1N)c1cc(ccc1Oc1c2cc(OC)cc1)-c1ccccc1C,0
BACE_1400,S(=O)(=O)(N(C)c1cc(cc(-n2nnc(c2)C([NH3+])(Cc2ccccc2)C)c1)C(=O)NC(C)c1ccc(F)cc1)C,0
BACE_471,Clc1cc(C)c(nc1)C(=O)Nc1cc(C2(N=C(OCC2(F)F)N)C)c(F)cc1,1
BACE_1169,S1(=O)(=O)CC(Cc2cc3c([nH]nc3)cc2)C(O)C([NH2+]Cc2cc(ccc2)C(C)(C)C)C1,0
BACE_1289,Brc1cc(ccc1O)CC1CS(=O)(=O)CC([NH2+]Cc2nccc(c2)C(C)C)C1O,0
BACE_694,FC(F)Oc1ccc(cc1)[C@@]1(N=C(N)N(C)C1=O)c1cc(ccc1)\C=C\CCCOC,1
BACE_1419,S1(=O)(=O)NCC2(N1c1cc(F)ccc1)CC([NH+](CC2)Cc1cc(OCCC)ccc1)C,0
BACE_1290,s1cc(cc1C1([NH2+]CC(O)C(NC(=O)C)Cc2cc(F)cc(F)c2)CCCCC1)C#C,0
BACE_1378,S(=O)(=O)(N1C(C)=C(C(=O)N[C@H]([C@H](O)C[NH2+]C2CC2)Cc2ccccc2)[C@@H](C(C)C)C(C(=O)NOCc2ccccc2)=C1C)C,0
BACE_345,S1(=O)(=O)N(CCCC1)c1cc(cc(NCC)c1)C(=O)N[C@H]([C@H](O)C[NH2+]C(C)(C)c1cc(ccc1)C(F)(F)F)Cc1ccccc1,1
BACE_679,S1c2c(cc(cc2)-c2cc(ccc2)C#N)C2(N=C(N)N(C)C2=O)CC1(C)C,1
BACE_741,S1(=O)(=O)CC(Cc2cc(OC(C(F)(F)F)C(F)(F)F)c(N)c(F)c2)C(O)C([NH2+]Cc2nccc(c2)C(C)(C)C)C1,1
BACE_1315,O1c2c(cc(cc2)-c2ccncc2)C2(N=C(N)N(C)C2=O)CC1(C)C,0
BACE_1005,Fc1cc(cc(F)c1)CC(NC(=O)C)C(O)C[NH2+]C1(CCCN(O)C1)c1cc(ccc1)C(C)(C)C,0
BACE_658,Fc1ccc(cc1C#CC)[C@]1(N=C(N)N(C)C1=O)c1ccc(OC(F)F)cc1,1
BACE_663,S(=O)(=O)(N(C)c1cc(cc(c1)C(=O)N[C@H]([C@@H](O)C[NH2+]Cc1cc(OC)ccc1)Cc1cc(F)cc(F)c1)C(O)C)C,1
BACE_1339,Fc1ccc(cc1)Cc1cc(ccc1)C1([NH+]=C(N2C1=NCCC2)N)c1ccccc1,0
BACE_1281,Fc1cc(cnc1)-c1cc(ccc1)C1(N=C(N)C2N1CCCC2)C,0
BACE_1508,O=C1N(C)C(=NC(=C1)C1CC1c1ccc(cc1)-c1ccc(cc1)C)N,0
BACE_1287,O(C)c1cc(ccc1)-c1cc(ccc1)CCC=1N=C(N)N(C)C(=O)C=1,0
BACE_1534,Clc1cc2nc(n(c2cc1)C(CC(=O)NCc1cc(F)ccc1)CC)N,0
BACE_827,Brc1cc2c(n(cc2)CC(=O)NC(=[NH2+])NCc2cc(Cl)c(NC(=O)C)c(Cl)c2)cc1,0
BACE_676,Fc1cc(cc(F)c1)CC(NC(=O)C)C(O)C[NH2+]C1(CCC(=O)NC1)c1cc(ccc1)C(C)(C)C,1
BACE_1045,ClC1=CN=C(NC1=O)C(NC1=NC(Cc2c1ccc(Cl)c2)(C)C)Cc1ccccc1,0
BACE_587,FC(F)Oc1ccc(cc1)[C@@]1(N=C(N)N(C)C1=O)c1cc(ccc1)C#CCCC,1
BACE_713,S(=O)(=O)(N(C)c1cc(cc(c1)/C(=N\OCCC)/C)C(=O)NC([C@@H](O)C[NH2+]Cc1cc(OC)ccc1)Cc1cc(F)cc(F)c1)C,1
BACE_608,S1(=O)(=O)N(c2cc(cc3n(cc(CC1)c23)CC)C(=O)NC([C@H](O)C[NH2+]CC(F)(F)C(F)(F)F)Cc1ccccc1)C,1
BACE_1142,Fc1ncccc1-c1cc(ccc1)C1(N=C(OC1)N)c1ccc(OC(F)F)cc1,0
BACE_1299,FC(F)(F)Oc1ccc(cc1)-c1cc2c(Oc3c(cc(OC)cc3)C23N=C(OC3)N)cc1,0
BACE_1216,O=C1N(Cc2ccc(cc2)CNC(=O)NCCCC)C(NC1(CC1CCCCC1)CC1CCCCC1)=N,0
BACE_555,S(=O)(=O)(N(c1cccc(C(=O)NC(Cc2ccccc2)C(O)C[NH2+]Cc2cc(ccc2)C(F)(F)F)c1C)c1ccccc1)C,1
BACE_1092,Fc1cc(cc(F)c1)CC(NC(=O)C)C(O)C[NH2+]C1(CCCCC1)c1cc(N2CCCC2=O)ccc1,0
BACE_571,Clc1cc(cc(Cl)c1)-c1cc2c(OC(CC23N=C(N)N(C)C3=O)(C)C)cc1,1
BACE_1227,Fc1cc(cc(F)c1)CC(NC(=O)C)C(O)C[NH2+]C1(CCOC1)c1cc(-n2nccc2)ccc1,0
BACE_780,FC(F)Oc1ccc(cc1C)[C@@]1(N=C(N)N(C)C1=O)c1ccccc1,1
BACE_1433,O(C(=O)C=1[C@@H](C)C(C(=O)N[C@H]([C@H](O)C[NH2+]C2CC2)Cc2ccccc2)=C(N(CCCOC(=O)C)C=1C)C)Cc1ccccc1,0
BACE_515,O=C1N(C)C(=NC1(c1cc(ccc1)-c1cncnc1)c1cn(nc1)CCC1CCCCC1)N,1
BACE_97,O1c2c(cc(cc2)-c2cc(ccc2)C#N)[C@]2(N=C(N)N(C)C2=O)CC1(C)C,1
BACE_1053,Fc1cc(cc(F)c1)CC(NC(=O)C(N1CCC(NC(=O)C)(C(CC)C)C1=O)CCc1ccccc1)[C@H](O)[C@H]1[NH2+]Cc2c(C1)cccc2,0
BACE_594,O=C1N(C)C(=NC1(c1cc(ccc1)-c1cncnc1)c1cn(nc1)CC(C)C)N,1
BACE_1297,O1CC(NC(=O)c2cc(cc(c2)C(=O)N[C@@H](C\C=C\C1)c1ccccc1)C)C(O)C[NH2+]Cc1cc(ccc1)C(C)C,0
BACE_774,Fc1ncccc1-c1cc(ccc1)C1([NH+]=C(N2C1=NCCC2)N)c1cc(OCC)c(OCC)cc1,1
BACE_896,FC(F)Oc1ccc(cc1)[C@@]1(N=C(N)N(C)C1=O)c1ccccc1,0
BACE_924,Fc1cc(cc(F)c1)CC(NC(=O)c1c2cccnc2n(c1)C(=O)N(CC1CC1)CCC)C(O)C[NH2+]Cc1cc(OC)ccc1,0
BACE_1071,S(=O)(=O)(C)c1cc(ccc1)C1([NH2+]CC(O)C(NC(=O)C)Cc2cc(F)cc(F)c2)CCCCC1,0
BACE_233,OC(C(NC(=O)C(NC(=O)C(NC(=O)C([NH3+])CCC(=O)[O-])CC(C)C)CC(=O)[O-])CC(C)C)CC(C(=O)NC(C(C)C)C(=O)NC(CCC(=O)[O-])C(=O)NC(Cc1ccccc1)C(=O)[O-])C,1
BACE_421,S1(=O)(=O)N(c2cc(cc3n(cc(CC1)c23)CC)C(=O)NC([C@H](O)C[NH2+]CC#C)Cc1ccccc1)C,1
BACE_826,s1cc(cc1C1([NH2+]CC(O)C(NC(=O)C)Cc2cc(F)cc(F)c2)CCCCC1)C(C)(C)C,0
BACE_903,S(=O)(=O)(N(Cc1ccccc1)c1cc(ccc1)C(=O)NC(Cc1ccccc1)C(O)C[NH2+]C(C(=O)NC1CCCCC1)C)C,0
BACE_426,S1(=O)(=O)CC(Cc2cc(OC3CCC3)c(N)c(F)c2)C(O)C([NH2+]Cc2cc(ccc2)C(C)(C)C)C1,1
BACE_798,O(C)c1cc(ccc1OC)C1(N=C(N)N(C)C1=O)c1cc(ccc1)-c1cccnc1,1
BACE_1423,O=C1N(C)C(=NC(=C1)C1CC1c1ccc(cc1)-c1cc(ccc1)COC)N,0
BACE_1274,Fc1ccc(F)cc1-c1cc(ccc1)[C@@]1(N=C(N)N(C)C1=O)c1ccncc1,0
BACE_1061,Clc1cc2CC(N=C(NC(Cc3cscc3CC)C(=O)[O-])c2cc1)(C)C,0
BACE_673,Fc1cc(cc(c1)C(C)(C)C)C1([NH2+]CC(O)C(NC(=O)C)Cc2cc(F)cc(F)c2)CCCCC1,1
BACE_643,o1ccc(C)c1C(=O)Nc1cc(ccc1)C1(N=C(N)N(C)C1=O)C1CCCCC1,1
BACE_993,S(CCC(NC(=O)C(NC(=O)C)C(C)C)C(=O)NC(C(O)CC(C(=O)NCCCC)C)CC(C)C)C,0
BACE_757,s1ccnc1-c1cccc(CC(NC(=O)COC)C(O)C[NH2+]C2CC3(Oc4ncc(cc24)CC(C)(C)C)CCC3)c1F,1
BACE_715,S1(=O)(=O)N(c2cc(cc3c2n(cc3CC)C1)C(=O)NC(Cc1ccccc1)C(O)C[NH2+]C1CCCCC1)C,1
BACE_100,S(=O)(=O)(N(C)c1cc(cc(c1)C(=O)N[C@H]([C@H](O)C[NH2+]C1CC1)Cc1ccccc1)C(=O)c1ccccc1)C,1
BACE_837,S1(=O)(=O)N(CCCC1)c1cc(cc(c1)/C(=N\OCC=C)/C)C(=O)N[C@H]([C@@H](O)C[NH2+]Cc1cc(OC)ccc1)Cc1cc(F)cc(F)c1,0
BACE_435,Fc1c2c(ccc1)C(N=C2N)(C=1C=C(C)C(=O)N(C=1)CC)c1cc(ccc1)-c1cc(F)cnc1,1
BACE_533,S1(=O)(=O)N(c2cc(cc3c2n(cc3CC)C1)C(=O)NC(Cc1ccccc1)C(O)C[NH2+]C(CCCC(C)C)(C)C)C,1
BACE_1104,FC(F)(F)Oc1ccc(cc1)C1(N=C(N)N(C)C1=O)c1cc(ccc1)-c1ccc(OC)nc1,0
BACE_1089,Clc1ccccc1-c1n(Cc2nc(N)ccc2)c(cc1)-c1ccc(Oc2ncccc2)cc1,0
BACE_962,Fc1cc(cc(F)c1)C[C@H](NC(=O)C)[C@H](O)C[NH2+]C1(CC1)c1cc(ccc1)C(CF)(C)C,0
BACE_811,S1(=O)(=O)CC(Cc2cc(C3CC3)c(N)c(F)c2)C(O)C([NH2+]Cc2cc(ccc2)C(C)(C)C)C1,1
BACE_202,n1ccc2c(cccc2)c1N,0
BACE_136,O(CCC)c1cc(cc(N2CCCC2=O)c1)C(=O)N[C@H]([C@H](O)C[NH2+][C@H](C(=O)NC1CCCCC1)C)Cc1ccccc1,0
BACE_1084,S1CC(=NC1(c1cc(ccc1)-c1cccnc1)c1ccc(OC)cc1)N,0
BACE_41,Fc1cc(cc(F)c1)C[C@H](NC(=O)c1cc(cc(c1)C)C(=O)N(CCC)CCC)[C@H](O)[C@@H]1[NH2+]CC[C@@H](C1)C\C=C\C=C/C,1
BACE_1050,O=C(NCC=C)c1ccc(cc1)-c1n(Cc2nc(N)ccc2)c(cc1)-c1ccccc1,0
BACE_257,s1c(ccc1-c1cc(C#N)c(F)cc1)C12N=C(N)N(C)C(=O)C1CN(C2)c1ccccc1,1
BACE_407,Fc1ccc(cc1OCCCF)[C@]1(N=C(N)N(C)C1=O)c1ccc(OC(F)F)cc1,1
BACE_316,Fc1ccccc1CC(NC(=O)C)C(O)C[NH2+]C1CC2(Oc3ncc(cc13)CC(C)(C)C)CCC2,1
BACE_447,S(=O)(=O)(CC)c1cc(cc(N(S(=O)(=O)C)c2ccccc2)c1)C(=O)NC(Cc1ccccc1)C(O)C[NH2+]Cc1cc(ccc1)C(F)(F)F,1
BACE_420,S(=O)(=O)(c1cc(cc(c1)C(=O)NC(Cc1cc(F)cc(F)c1)C(O)C[NH2+]Cc1cc(OC)ccc1)C(=O)N(CCC)CCC)c1ccccc1,1
BACE_623,Fc1cc(cc(F)c1)CC(NC(=O)C(N1CCC(NC(=O)C)(C(CC)C)C1=O)CCc1ccccc1)C(O)C1[NH2+]CC([NH3+])C1,1
BACE_1195,O1CC2(N=C1N)c1cc(ccc1Oc1c2cc(OC)cc1)-c1ccc(cc1)C,0
BACE_1119,Fc1cc(cc(F)c1)CC(NC(=O)C)C(O)C[NH2+]C1(CCCCC1)c1cc(N2CCCNC2=O)ccc1,0
BACE_678,O1c2ncc(cc2C([NH2+]CC(O)C(NC(=O)COC)Cc2ccc(cc2)C#C)CC12CCC2)CC(C)(C)C,1
BACE_1185,O1CC2(N=C1N)c1cc(ccc1Oc1c2cc(OC)cc1)-c1cc(ccc1)C,0
BACE_1401,O=C1N(C)C(=NC(C1)(C)C1CC1c1cc(ccc1)-c1cc(NC(=O)C)ccc1)N,0
BACE_551,FC1(F)COC(=NC1(C)c1cc(NC(=O)c2ncc(OCC(F)(F)F)nc2)ccc1F)N,1
BACE_65,S(=O)(=O)(N(C)c1cc(cc(c1)C(=O)N[C@H]([C@@H](O)CC(=O)N[C@@H](C(C)C)C(=O)Nc1cc(cc(c1)C(=O)[O-])C(=O)[O-])COc1cc(F)cc(F)c1)C(=O)N[C@H](C)c1ccccc1)C,1
BACE_15,S1(=O)C[C@@H](Cc2cc(O[C@H](COC)C(F)(F)F)c(N)c(F)c2)[C@H](O)[C@@H]([NH2+]Cc2cc(ccc2)C(C)(C)C)C1,1
BACE_1213,S(=O)(=O)(N(C)c1cc(cc(c1)C(=O)NC(C(O)CC(OC)COCC=C)COc1cc(F)cc(F)c1)C(=O)NC(C)c1ccccc1)C,0
BACE_1097,Fc1cc(cc(F)c1)CC(NC(=O)C)C(O)C[NH2+]C1(CCCN(C1)C(OCc1ccccc1)=O)c1cc(ccc1)C(C)(C)C,0
BACE_523,S1(=O)CC(Cc2cc(OC(COC)C(F)(F)F)c(N)c(F)c2)C(O)C([NH2+]Cc2cn(nc2)CC(C)(C)C)C1,1
BACE_408,FC(F)CCOc1cc(ccc1)[C@]1(N=C(N)N(C)C1=O)c1ccc(OC(F)F)cc1,1
BACE_189,n1cccc(NCc2cc(ccc2)-c2cccnc2)c1N,0
BACE_795,Fc1cc(cc(F)c1)CC(NC(=O)C(N1CCC(CC(C)C)C1=O)C)C(O)C[NH2+]Cc1cc(OC)ccc1,1
BACE_243,s1cc(cc1C12N=C(N)N(C)C(=O)C1CN(C2)c1ncccc1OC)-c1cc(ccc1)C#N,1
BACE_823,O=C1N(C)C(=NC1(c1cc(ccc1)-c1cncnc1)c1cn(nc1)C)N,1
BACE_1109,S(=O)(=O)(N(C)c1cc(cc(c1)COCC([NH3+])(Cc1ccccc1)C(F)F)C(=O)NC(C)c1ccc(F)cc1)C,0
BACE_911,S(=O)(=O)(N(c1cc(ccc1)C(=O)NC(Cc1ccccc1)C(O)C[NH2+]C(C(=O)NC1CCCCC1)C)c1ccc(cc1)C#N)C,0
BACE_366,Fc1cc(cc(F)c1)CC(NC(=O)c1c2c(n(c1)C(=O)N(CCCC)C)cccc2)C(O)C[NH2+]Cc1cc(OC)ccc1,1
BACE_751,Fc1cc(cc(F)c1)CC(NC(=O)c1c2cc(ccc2n(c1)C(=O)N(CCCC)C)C(=O)[O-])C(O)C[NH2+]Cc1cc(OC)ccc1,1
BACE_323,S(=O)(=O)(N(c1cc(cc(c1)C(=O)NC(Cc1ccccc1)C(O)C[NH2+]Cc1cc(ccc1)C(F)(F)F)C1CCCC1)c1ccccc1)C,1
BACE_1049,Fc1cc(cc(F)c1)CC(NC(=O)C)C(O)C[NH2+]C1(CC1)c1cc(ccc1)C1(OCCC1)C,0
BACE_1308,O(C)c1ccc([N+](=O)[O-])cc1CC(c1ccc(OC)cc1)c1nc([nH]c1)N,0
BACE_485,Clc1cc(cnc1)-c1cc2c(OC(CC23N=C(N)N(C)C3=O)(C)C)cc1,1
BACE_1544,Clc1cc2nc(n(c2cc1)C(CC(=O)NCc1ncccc1)CC)N,0
BACE_848,S1(=O)(=O)CC(Cc2cc3c([nH]cc3CC(F)(F)F)cc2)C(O)C([NH2+]Cc2cc(ccc2)C(C)(C)C)C1,0
BACE_297,Fc1c2c(ccc1)C(N=C2N)(C=1C=C(C)C(=O)N(C=1)CC)c1cc(NC(=O)c2ncccc2)ccc1,1
BACE_1028,Fc1cc(cc(F)c1)CC(NC(=O)c1cc(cc(c1)C)C(=O)N(CCC)CCC)C(O)C1[NH2+]CC[NH2+]C1,0
BACE_203,n1c2c(ccc1N)cccc2,0
BACE_163,Clc1cc(ccc1)-c1cc(ccc1)[C@@]1(OCCC(=[NH+]1)N)C,0
BACE_761,S1(=O)(=O)N(CCCC1)c1cc(ccc1)C(=O)NC(Cc1cc(F)cc(F)c1)C(O)C[NH2+]Cc1cc(OC)ccc1,1
BACE_430,S(=O)(=O)(c1cc(cc(c1)C(=O)NC(Cc1cc(F)cc(F)c1)C(O)C[NH2+]Cc1cc(OC)ccc1)C(=O)N(CCC)CCC)c1ccc(OC)cc1,1
BACE_734,O1c2ncc(cc2C([NH2+]CC(O)C(NC(=O)COC)Cc2cc(ccc2)-c2nccn2C)CC12CCC2)CC(C)(C)C,1
BACE_1162,O=C1N(CCCCCC)C(=NC1(C1CCCCC1)c1ccccc1)N,0
BACE_596,Fc1ccc(cc1-c1cccnc1F)C1(N=C(N)N(C)C1=O)c1cn(nc1)CC,1
BACE_1447,Clc1ccc(nc1)C(=O)Nc1cc([C@@]2(N=C(N)C(=O)N(C2)C)C)c(F)cc1,0
BACE_1054,Brc1ccccc1C1C[NH2+]CC1C(=O)N1CCC(CC1c1ccccc1)c1ccccc1,0
BACE_1058,Clc1cc2CC(N=C(NC(Cc3cscc3CCC)C(=O)[O-])c2cc1)(C)C,0
BACE_1445,Clc1ccc(nc1)C(=O)Nc1cc(ccc1)[C@@]1(N=C(N)CN(C)C1=O)C,0
BACE_1137,O1CC2(N=C1N)c1cc(ccc1Oc1c2cc(OC)cc1)-c1ccccc1,0
BACE_232,S(=O)(=O)(CC(NC(OCn1nc(cc1C)C)=O)C(=O)NC(C(O)CC(C(=O)NC(C(C)C)C(=O)NCC(C)C)C)CC(C)C)C,1
BACE_35,S(=O)(=O)(N(C)c1cc(cc(c1)C(=O)N[C@H](C)c1ccc(F)cc1)-c1oc(nn1)[C@]([NH3+])(Cc1ccccc1)C)C,1
BACE_807,O1c2ncc(cc2C([NH2+]CC(O)C(NC(=O)C)Cc2ccccc2)CC12CCC2)CC,1
BACE_539,Clc1ccc(nc1)C(=O)Nc1cc(C2(N=C(N)COCC2)C)c(F)cc1,1
BACE_1523,O=C1N(C)C(=N[C@](C1)(CCc1ccccc1)C)N,0
BACE_1424,O=C1N(C)C(=NC(=C1)C1CC1c1ccc(cc1)-c1cc(ccc1)CCO)N,0
BACE_92,FC1(F)CN2C(=NC1)[C@]([NH+]=C2N)(c1cc(ccc1)C#CCOC)c1ccc(OC(F)F)cc1,1
BACE_1397,S(=O)(=O)(N1C(C)=C(C(=O)N[C@H](C)c2ccccc2)[C@@H](C)C(C(=O)N[C@H]([C@H](O)C[NH2+]C2CC2)Cc2ccccc2)=C1C)C,0
BACE_930,Clc1cc(cc(Cl)c1NC(=O)C)CNC(=[NH2+])NC(=O)Cn1c2cc(OC)ccc2cc1,0
BACE_595,O=C1N(C)C(=NC1(c1cc(ccc1)-c1cncnc1)c1cn(nc1)CCC(C)C)N,1
BACE_1403,O=C1N(C)C(=NC(C1)(C)C1CC1c1ccccc1)N,0
BACE_808,O(C)c1ccc(cc1)C1(N=C(N2C1=NCCC2)N)c1cc(ccc1)-c1cccnc1,1
BACE_268,s1cc(cc1)-c1cc2c(nc(N)cc2)cc1,1
BACE_14,S(=O)(=O)(N(c1cc(cc(NCC)c1)C(=O)N[C@H]([C@H](O)C[NH2+][C@H](C(=O)NC1CCCCC1)C)Cc1ccccc1)c1ccccc1)C,1
BACE_343,O1c2c(cc(cc2)CC)C([NH2+]CC(O)C2NC(=O)C=3C=C(c4ncccc4)C(=O)N(CCCCc4cc(C2)ccc4)C=3)CC12CCC2,1
BACE_631,Clc1cc(-c2cc3c(OC(CC34N=C(N)N(C)C4=O)(C)C)cc2)c(F)cc1,1
BACE_416,S1(=O)CC(Cc2cc(OC(COC)C(F)(F)F)c(N)c(F)c2)C(O)C([NH2+]C(C)c2cc(ccc2)C(C)(C)C)C1,1
BACE_1330,O(C)c1ccccc1-c1cc(ccc1)C1CC1C1(N=C(N)N(C)C(=O)C1)C,0
BACE_168,[nH]1c2cc(ccc2cc1)-c1cc(ccc1)CNc1cccnc1N,0
BACE_873,O=C1N(C)C(=N[C@]1(c1cc(nc(c1)C)C)c1cc(ccc1)-c1cncnc1)N,0
BACE_21,Fc1ccc(cc1)C[C@H](NC(=O)C)[C@H](O)C[NH2+][C@H]1CC2(Oc3ncc(cc13)CC(C)(C)C)CCC2,1
BACE_677,Fc1cc(cc(F)c1)CC(NC(=O)C)C(O)C[NH2+]C1(CCCCC1)c1cc(ccc1)C(C)C,1
BACE_1187,Fc1cc(cc(F)c1)C[C@H](NC(=O)C)[C@H](O)C[NH2+][C@@]1(C[C@H]1C)c1cc(ccc1)C(C(F)F)(C)C,0
BACE_864,Clc1cc(ccc1)-c1cc2c(Oc3c(cc(OC)cc3)C23N=C(OC3)N)cc1,0
BACE_1300,n1c(cccc1N)Cn1c(ccc1-c1ccccc1)-c1ccccc1,0
BACE_593,Clc1cc2c(n(cc2C(=O)NC(Cc2cc(F)cc(F)c2)C(O)C[NH2+]Cc2cc(OC)ccc2)C(=O)N(CCCC)C)cc1,1
BACE_1507,O(C)c1nccc(c1)-c1ccc(cc1)C1CC1C=1N=C(N)N(C)C(=O)C=1,0
BACE_718,O(C(C)C)c1cc(ccc1OC)C1(N=C(N)N(C)C1=O)c1cc(ccc1)-c1cccnc1,1
BACE_990,s1cc(cc1C1([NH2+]CC(O)C(NC(=O)C)Cc2cc(F)cc(F)c2)CCCCC1)C(C)C,0
BACE_191,O=C1NC(=NC(=C1)CCc1cc2[nH]ccc2cc1)N,0
BACE_1008,Clc1ccccc1-c1n(Cc2nc(N)ccc2)c(cc1)-c1ccc(Oc2cccnc2)cc1,0
BACE_731,Clc1ccc(nc1)C(=O)Nc1cc(C2(N=C(N)c3c(C2)cccc3)C)c(F)cc1,1
BACE_541,Fc1cc(cc(F)c1)CC(NC(=O)C)C(O)C[NH2+]C1(CCC(O)CC1)c1cc(ccc1)C(C)(C)C,1
BACE_1115,Fc1cc(cc(F)c1)C[C@H](NC(=O)C)[C@H](O)C[NH2+]C1(CC1)c1cc(-n2nccc2)ccc1,0
BACE_505,FC(F)Oc1ccc(cc1)[C@@]1(N=C(N)N(C)C1=O)c1cc(ccc1)C#CCOC,1
BACE_889,Fc1ncccc1-c1cc(ccc1)C1([NH+]=C(N2C1=NCCC2)N)c1cc2OCOc2cc1,0
BACE_779,FCCC[C@@H](F)c1cc(ccc1)[C@]1(N=C(N)N(C)C1=O)c1ccc(OC(F)F)cc1,1
BACE_280,Fc1cc(cc(F)c1)CC(NC(=O)c1cc(cc(c1)/C(=N\OC)/C)C(=O)N(CCC)CCC)C(O)C[NH2+]Cc1cc(OC)ccc1,1
BACE_22,O(C)c1cc(ccc1)C[NH2+]C[C@@H](O)[C@@H](NC(=O)[C@@H](N1CC[C@](NC(=O)C)([C@H](CC)C)C1=O)CCc1ccccc1)Cc1ccccc1,1
BACE_1371,S1(=O)CC(Cc2cc(OC(COC)C(F)(F)F)c(N)c(F)c2)C(O)C([NH2+]CCCOC(C)(C)C)C1,0
BACE_489,Fc1cc(cc(F)c1)CC(NC(=O)c1cc(cc(c1)C(=O)N(CCC)CCC)C(NC(=O)C)C)C(O)C[NH2+]Cc1cc(OC)ccc1,1
BACE_1217,Fc1cc(cc(F)c1)CC(NC(=O)C)C(O)C[NH2+]C1(CCCCC1)c1cc(ccc1)CC(C)(C)C,0
BACE_304,Fc1cc(cc(F)c1)CC(NC(=O)C(N1CCC(NC(=O)C)(C(CC)C)C1=O)CCc1ccccc1)C(O)C1[NH2+]CC(OCc2cc(ccc2)C(F)(F)F)C1,1
BACE_988,O=C1N(Cc2ccc(cc2)CNC(=O)NCCCC)C(NC1(CC1CCCCC1)CCC1CCCCC1)=N,0
BACE_1248,O=C(NCCC)c1ccc(cc1)-c1n(Cc2nc(N)ccc2)c(cc1)-c1ccccc1,0
BACE_414,s1cc(cc1C(=O)CC)C1(N=C(N)N(C)C1=O)c1cc(ccc1)-c1cccnc1F,1
BACE_838,O1c2c(cc(cc2)-c2cccnc2)C2(N=C(N)N(C)C2=O)CC1(C)C,0
BACE_1471,Clc1cc(cnc1)-c1cc(ccc1)C12N=C(OC1COCC2)N,0
BACE_372,S1(=O)(=O)CC(Cc2cc(CC)c(NC(=O)C)c(F)c2)C(O)C([NH2+]Cc2cc(ccc2)C(C)(C)C)C1,1
BACE_801,FC(F)Oc1ccc(cc1)[C@@]1(N=C(N)N(C)C1=O)c1cc(ccc1)CCCCC,1
BACE_1366,S(=O)(=O)(N(C)c1cc2cc(c1)CCCC(OCCOC)c1cc(COCC(NC2=O)C(O)CC(C(C)C)C(=O)NCC(C)C)ccc1)C,0
BACE_132,S(CC[C@H](NC(=O)CCC(C)C)C(=O)N[C@H]([C@@H](O)C[C@H](C(=O)NCCCC)C)CC(C)C)C,0
BACE_904,Fc1cc(cc(F)c1)CC(NC(=O)C)C(O)C[NH2+]C1(CCCCC1)c1cc(ccc1)C1OCCC1,0
BACE_1156,O1CC2(N=C1N)CC(Cc1c2cc(cc1)-c1cncnc1)(C)C,0
BACE_1430,Fc1cc(NC[C@@H](O)[C@@H](NC(=O)C=2[C@H](C)C(C(=O)C)=C(N(CC(OC(C)C)=O)C=2C)C)Cc2ccccc2)ccc1,0
BACE_88,O=C(N)CC[C@H](N(C(=O)[C@@H](NC(=O)[C@@H](O)C)C(C)C)C)C(=O)N[C@H]([C@@H](O)CC(=O)N[C@@H](CC(C)C)C(=O)N[C@H](C(=O)N([C@H](CC1CCCCC1)C(=O)[O-])C)C)CC1CCCCC1,1
BACE_1517,Clc1cc2nc(n(c2cc1)CCCC(=O)NC(C)C)N,0
BACE_359,s1cc(nc1)-c1cc(ccc1)CC(NC(=O)COC)C(O)C[NH2+]C1CC2(Oc3ncc(cc13)CC(C)(C)C)CCC2,1
BACE_1271,S(=O)(=O)(N(C)c1cc2cc(c1)C(=O)NC(COCc1cc(ccc1)C(NC2=O)c1ccccc1)C(O)CC(C(C)C)C(=O)NCC(C)C)C,0
BACE_496,S(=O)(=O)(N(C)c1cc(cc(c1)C(=O)NC(C)c1ccc(F)cc1)-c1oc(cc1)C([NH3+])(Cc1ccccc1)C)C,1
BACE_123,Brc1cscc1C[C@H](NC1=[NH+]C(Cc2c1ccc(Cl)c2)(C)C)C(=O)[O-],0
BACE_1077,Fc1cc(cc(F)c1)C[C@H](NC(=O)C)[C@H](O)C[NH2+]C1(CC1)c1cc(ccc1)[C@H]1CCOC1,0
BACE_1128,s1cc(nc1N)C(Cc1cc([N+](=O)[O-])ccc1OC)c1ccc(OC)cc1,0
BACE_1163,Fc1ccc(cc1-c1cncnc1)[C@@]1(N=C(N)N(C)C1=O)c1ccc(OC(F)(F)F)cc1,0
BACE_1327,O1c2c(cc(cc2)-c2ccc(OC)cc2)C2(N=C(N)N(C)C2=O)CC1(C)C,0
BACE_893,Fc1cc(cc(F)c1)CC(NC(=O)C)C(O)C[NH2+]C1(CCCCC1)c1cc(ccc1)C(C#N)(C)C,0
BACE_1493,O(C(=O)C1[NH2+]CC2(C1)c1c(NC2=O)cccc1)C1CCN(CC1)C(=O)C,0
BACE_1159,S(=O)(=O)(N(C)c1cc(cc(c1)COCC([NH3+])(Cc1ccccc1)CO)C(=O)NC(C)c1ccc(F)cc1)C,0
